dblp_a_610,acm_1595,TRUE
dblp_a_2580,acm_616,TRUE
dblp_a_1061,acm_1284,TRUE
dblp_a_1459,acm_1317,TRUE
dblp_a_2463,acm_1546,TRUE
dblp_a_516,acm_735,TRUE
dblp_a_1938,acm_73,TRUE
dblp_a_2038,acm_895,TRUE
dblp_a_624,acm_920,TRUE
dblp_a_2227,acm_2091,TRUE
dblp_a_164,acm_1467,TRUE
dblp_a_2081,acm_1419,TRUE
dblp_a_1189,acm_1969,TRUE
dblp_a_331,acm_1701,TRUE
dblp_a_424,acm_1813,TRUE
dblp_a_774,acm_826,TRUE
dblp_a_2416,acm_976,TRUE
dblp_a_441,acm_1363,TRUE
dblp_a_1115,acm_1425,TRUE
dblp_a_2309,acm_2179,TRUE
dblp_a_1049,acm_242,TRUE
dblp_a_40,acm_1558,TRUE
dblp_a_1792,acm_938,TRUE
dblp_a_1328,acm_517,TRUE
dblp_a_413,acm_1129,TRUE
dblp_a_1669,acm_839,TRUE
dblp_a_871,acm_2081,TRUE
dblp_a_8,acm_1759,TRUE
dblp_a_487,acm_801,TRUE
dblp_a_1749,acm_160,TRUE
dblp_a_157,acm_1822,TRUE
dblp_a_1830,acm_771,TRUE
dblp_a_312,acm_1699,TRUE
dblp_a_1596,acm_230,TRUE
dblp_a_759,acm_1897,TRUE
dblp_a_1468,acm_256,TRUE
dblp_a_1878,acm_1252,TRUE
dblp_a_2053,acm_1617,TRUE
dblp_a_986,acm_626,TRUE
dblp_a_1635,acm_1695,TRUE
dblp_a_2514,acm_566,TRUE
dblp_a_1894,acm_2204,TRUE
dblp_a_594,acm_2143,TRUE
dblp_a_1102,acm_1669,TRUE
dblp_a_1309,acm_2263,TRUE
dblp_a_2539,acm_416,TRUE
dblp_a_1108,acm_1881,TRUE
dblp_a_877,acm_103,TRUE
dblp_a_519,acm_743,TRUE
dblp_a_635,acm_1902,TRUE
dblp_a_961,acm_982,TRUE
dblp_a_1603,acm_645,TRUE
dblp_a_1460,acm_75,TRUE
dblp_a_2582,acm_1305,TRUE
dblp_a_1037,acm_642,TRUE
dblp_a_1239,acm_1832,TRUE
dblp_a_2065,acm_61,TRUE
dblp_a_452,acm_912,TRUE
dblp_a_1725,acm_624,TRUE
dblp_a_344,acm_916,TRUE
dblp_a_1122,acm_2151,TRUE
dblp_a_1916,acm_31,TRUE
dblp_a_1215,acm_215,TRUE
dblp_a_1762,acm_158,TRUE
dblp_a_1649,acm_74,TRUE
dblp_a_1599,acm_1524,TRUE
dblp_a_291,acm_1313,TRUE
dblp_a_792,acm_71,TRUE
dblp_a_943,acm_358,TRUE
dblp_a_1731,acm_1184,TRUE
dblp_a_1245,acm_2181,TRUE
dblp_a_1642,acm_2155,TRUE
dblp_a_936,acm_412,TRUE
dblp_a_386,acm_669,TRUE
dblp_a_2349,acm_1594,TRUE
dblp_a_128,acm_1099,TRUE
dblp_a_2164,acm_1973,TRUE
dblp_a_248,acm_1708,TRUE
dblp_a_221,acm_248,TRUE
dblp_a_484,acm_223,TRUE
dblp_a_1899,acm_904,TRUE
dblp_a_798,acm_1281,TRUE
dblp_a_1153,acm_798,TRUE
dblp_a_101,acm_197,TRUE
dblp_a_743,acm_1785,TRUE
dblp_a_1428,acm_1088,TRUE
dblp_a_147,acm_463,TRUE
dblp_a_977,acm_544,TRUE
dblp_a_189,acm_1494,TRUE
dblp_a_2336,acm_1391,TRUE
dblp_a_1017,acm_1977,TRUE
dblp_a_2448,acm_28,TRUE
dblp_a_1959,acm_1970,TRUE
dblp_a_2143,acm_1073,TRUE
dblp_a_169,acm_1987,TRUE
dblp_a_75,acm_719,TRUE
dblp_a_1982,acm_2102,TRUE
dblp_a_631,acm_1190,TRUE
dblp_a_2216,acm_851,TRUE
dblp_a_976,acm_1186,TRUE
dblp_a_28,acm_1176,TRUE
dblp_a_2527,acm_286,TRUE
dblp_a_55,acm_1694,TRUE
dblp_a_1109,acm_65,TRUE
dblp_a_1156,acm_1726,TRUE
dblp_a_543,acm_204,TRUE
dblp_a_707,acm_1569,TRUE
dblp_a_1063,acm_105,TRUE
dblp_a_410,acm_973,TRUE
dblp_a_2087,acm_491,TRUE
dblp_a_1597,acm_1360,TRUE
dblp_a_952,acm_752,TRUE
dblp_a_1923,acm_1733,TRUE
dblp_a_2046,acm_582,TRUE
dblp_a_359,acm_547,TRUE
dblp_a_1533,acm_1640,TRUE
dblp_a_2289,acm_1877,TRUE
dblp_a_2528,acm_506,TRUE
dblp_a_1592,acm_1110,TRUE
dblp_a_2014,acm_1526,TRUE
dblp_a_1372,acm_502,TRUE
dblp_a_2541,acm_119,TRUE
dblp_a_2428,acm_683,TRUE
dblp_a_394,acm_98,TRUE
dblp_a_973,acm_4,TRUE
dblp_a_418,acm_1529,TRUE
dblp_a_14,acm_2106,TRUE
dblp_a_278,acm_164,TRUE
dblp_a_262,acm_2043,TRUE
dblp_a_2236,acm_2060,TRUE
dblp_a_1971,acm_886,TRUE
dblp_a_1291,acm_2109,TRUE
dblp_a_2364,acm_307,TRUE
dblp_a_20,acm_742,TRUE
dblp_a_1508,acm_1404,TRUE
dblp_a_716,acm_2012,TRUE
dblp_a_64,acm_1256,TRUE
dblp_a_2424,acm_620,TRUE
dblp_a_271,acm_1975,TRUE
dblp_a_69,acm_1479,TRUE
dblp_a_948,acm_1706,TRUE
dblp_a_2008,acm_1236,TRUE
dblp_a_71,acm_1926,TRUE
dblp_a_204,acm_167,TRUE
dblp_a_1777,acm_79,TRUE
dblp_a_2072,acm_1484,TRUE
dblp_a_2230,acm_2265,TRUE
dblp_a_1868,acm_2238,TRUE
dblp_a_13,acm_1223,TRUE
dblp_a_1136,acm_1148,TRUE
dblp_a_2167,acm_1585,TRUE
dblp_a_2319,acm_2052,TRUE
dblp_a_1124,acm_29,TRUE
dblp_a_114,acm_1920,TRUE
dblp_a_1652,acm_1486,TRUE
dblp_a_2085,acm_816,TRUE
dblp_a_1408,acm_2217,TRUE
dblp_a_2310,acm_1477,TRUE
dblp_a_272,acm_585,TRUE
dblp_a_1230,acm_1415,TRUE
dblp_a_2052,acm_994,TRUE
dblp_a_2427,acm_2260,TRUE
dblp_a_1242,acm_279,TRUE
dblp_a_1275,acm_671,TRUE
dblp_a_1283,acm_240,TRUE
dblp_a_1801,acm_1626,TRUE
dblp_a_194,acm_1995,TRUE
dblp_a_926,acm_494,TRUE
dblp_a_1668,acm_260,TRUE
dblp_a_2418,acm_2100,TRUE
dblp_a_2140,acm_781,TRUE
dblp_a_1663,acm_1321,TRUE
dblp_a_89,acm_310,TRUE
dblp_a_1046,acm_37,TRUE
dblp_a_839,acm_998,TRUE
dblp_a_1031,acm_1501,TRUE
dblp_a_934,acm_334,TRUE
dblp_a_2585,acm_1903,TRUE
dblp_a_2485,acm_9,TRUE
dblp_a_2277,acm_2063,TRUE
dblp_a_2288,acm_1393,TRUE
dblp_a_1737,acm_830,TRUE
dblp_a_1948,acm_405,TRUE
dblp_a_1457,acm_835,TRUE
dblp_a_2262,acm_1424,TRUE
dblp_a_1984,acm_1705,TRUE
dblp_a_1125,acm_1948,TRUE
dblp_a_2466,acm_1510,TRUE
dblp_a_336,acm_2169,TRUE
dblp_a_54,acm_356,TRUE
dblp_a_2376,acm_972,TRUE
dblp_a_1848,acm_656,TRUE
dblp_a_680,acm_1887,TRUE
dblp_a_630,acm_964,TRUE
dblp_a_330,acm_456,TRUE
dblp_a_2351,acm_1981,TRUE
dblp_a_562,acm_235,TRUE
dblp_a_2596,acm_1681,TRUE
dblp_a_2474,acm_1924,TRUE
dblp_a_2068,acm_703,TRUE
dblp_a_1322,acm_1449,TRUE
dblp_a_602,acm_1257,TRUE
dblp_a_2430,acm_2245,TRUE
dblp_a_2080,acm_377,TRUE
dblp_a_2115,acm_190,TRUE
dblp_a_746,acm_243,TRUE
dblp_a_2298,acm_1963,TRUE
dblp_a_1691,acm_324,TRUE
dblp_a_2447,acm_421,TRUE
dblp_a_1082,acm_1535,TRUE
dblp_a_1678,acm_161,TRUE
dblp_a_2522,acm_348,TRUE
dblp_a_2213,acm_1835,TRUE
dblp_a_1364,acm_1338,TRUE
dblp_a_1044,acm_258,TRUE
dblp_a_2535,acm_40,TRUE
dblp_a_2171,acm_825,TRUE
dblp_a_2201,acm_957,TRUE
dblp_a_388,acm_1460,TRUE
dblp_a_1900,acm_509,TRUE
dblp_a_662,acm_500,TRUE
dblp_a_313,acm_1816,TRUE
dblp_a_1977,acm_1909,TRUE
dblp_a_1481,acm_1048,TRUE
dblp_a_153,acm_2211,TRUE
dblp_a_1507,acm_1049,TRUE
dblp_a_1374,acm_1842,TRUE
dblp_a_1393,acm_241,TRUE
dblp_a_1594,acm_880,TRUE
dblp_a_2500,acm_1541,TRUE
dblp_a_681,acm_2073,TRUE
dblp_a_787,acm_508,TRUE
dblp_a_1292,acm_1843,TRUE
dblp_a_2595,acm_1026,TRUE
dblp_a_2456,acm_1154,TRUE
dblp_a_1571,acm_90,TRUE
dblp_a_595,acm_445,TRUE
dblp_a_2417,acm_843,TRUE
dblp_a_1354,acm_2009,TRUE
dblp_a_1572,acm_1362,TRUE
dblp_a_553,acm_2232,TRUE
dblp_a_110,acm_336,TRUE
dblp_a_612,acm_139,TRUE
dblp_a_1839,acm_1009,TRUE
dblp_a_398,acm_1396,TRUE
dblp_a_174,acm_965,TRUE
dblp_a_1462,acm_290,TRUE
dblp_a_638,acm_1006,TRUE
dblp_a_2311,acm_1143,TRUE
dblp_a_1298,acm_1086,TRUE
dblp_a_1225,acm_17,TRUE
dblp_a_1969,acm_881,TRUE
dblp_a_1416,acm_2275,TRUE
dblp_a_1784,acm_1989,TRUE
dblp_a_245,acm_1215,TRUE
dblp_a_1837,acm_427,TRUE
dblp_a_1765,acm_1783,TRUE
dblp_a_149,acm_678,TRUE
dblp_a_1324,acm_1984,TRUE
dblp_a_1607,acm_1607,TRUE
dblp_a_2107,acm_1934,TRUE
dblp_a_2172,acm_1598,TRUE
dblp_a_916,acm_2083,TRUE
dblp_a_2184,acm_486,TRUE
dblp_a_2045,acm_1188,TRUE
dblp_a_1880,acm_1852,TRUE
dblp_a_1388,acm_763,TRUE
dblp_a_1018,acm_1295,TRUE
dblp_a_1484,acm_872,TRUE
dblp_a_889,acm_1945,TRUE
dblp_a_2574,acm_1896,TRUE
dblp_a_1702,acm_208,TRUE
dblp_a_2338,acm_2288,TRUE
dblp_a_895,acm_195,TRUE
dblp_a_1931,acm_1935,TRUE
dblp_a_2270,acm_1527,TRUE
dblp_a_1686,acm_2268,TRUE
dblp_a_439,acm_1574,TRUE
dblp_a_626,acm_710,TRUE
dblp_a_302,acm_820,TRUE
dblp_a_2383,acm_1071,TRUE
dblp_a_2467,acm_714,TRUE
dblp_a_2032,acm_1451,TRUE
dblp_a_1005,acm_795,TRUE
dblp_a_115,acm_91,TRUE
dblp_a_1452,acm_2125,TRUE
dblp_a_1910,acm_1516,TRUE
dblp_a_616,acm_1348,TRUE
dblp_a_468,acm_2038,TRUE
dblp_a_2357,acm_188,TRUE
dblp_a_2249,acm_1828,TRUE
dblp_a_293,acm_2127,TRUE
dblp_a_328,acm_955,TRUE
dblp_a_307,acm_2161,TRUE
dblp_a_1008,acm_282,TRUE
dblp_a_2510,acm_1065,TRUE
dblp_a_1092,acm_1356,TRUE
dblp_a_1943,acm_1781,TRUE
dblp_a_23,acm_1149,TRUE
dblp_a_579,acm_331,TRUE
dblp_a_404,acm_1676,TRUE
dblp_a_2375,acm_1116,TRUE
dblp_a_1133,acm_1748,TRUE
dblp_a_1265,acm_1603,TRUE
dblp_a_714,acm_472,TRUE
dblp_a_1286,acm_146,TRUE
dblp_a_1670,acm_205,TRUE
dblp_a_165,acm_341,TRUE
dblp_a_1901,acm_1867,TRUE
dblp_a_957,acm_2101,TRUE
dblp_a_1867,acm_1610,TRUE
dblp_a_301,acm_1968,TRUE
dblp_a_1983,acm_2098,TRUE
dblp_a_491,acm_193,TRUE
dblp_a_2287,acm_85,TRUE
dblp_a_1306,acm_2216,TRUE
dblp_a_998,acm_2266,TRUE
dblp_a_959,acm_1804,TRUE
dblp_a_1590,acm_2164,TRUE
dblp_a_2250,acm_2123,TRUE
dblp_a_1167,acm_325,TRUE
dblp_a_210,acm_2154,TRUE
dblp_a_310,acm_292,TRUE
dblp_a_1209,acm_822,TRUE
dblp_a_1833,acm_981,TRUE
dblp_a_1748,acm_1430,TRUE
dblp_a_1760,acm_856,TRUE
dblp_a_438,acm_1958,TRUE
dblp_a_1444,acm_1673,TRUE
dblp_a_2100,acm_2213,TRUE
dblp_a_2316,acm_265,TRUE
dblp_a_669,acm_2099,TRUE
dblp_a_1401,acm_1280,TRUE
dblp_a_47,acm_1133,TRUE
dblp_a_2465,acm_182,TRUE
dblp_a_1646,acm_894,TRUE
dblp_a_945,acm_859,TRUE
dblp_a_239,acm_813,TRUE
dblp_a_348,acm_162,TRUE
dblp_a_2222,acm_2282,TRUE
dblp_a_470,acm_991,TRUE
dblp_a_92,acm_1375,TRUE
dblp_a_2367,acm_1805,TRUE
dblp_a_2109,acm_2203,TRUE
dblp_a_357,acm_251,TRUE
dblp_a_2412,acm_1000,TRUE
dblp_a_666,acm_588,TRUE
dblp_a_1633,acm_505,TRUE
dblp_a_2546,acm_1846,TRUE
dblp_a_264,acm_1266,TRUE
dblp_a_443,acm_1993,TRUE
dblp_a_1378,acm_101,TRUE
dblp_a_710,acm_94,TRUE
dblp_a_1631,acm_1097,TRUE
dblp_a_403,acm_1894,TRUE
dblp_a_1290,acm_385,TRUE
dblp_a_1088,acm_280,TRUE
dblp_a_1869,acm_302,TRUE
dblp_a_766,acm_1135,TRUE
dblp_a_2264,acm_2170,TRUE
dblp_a_1930,acm_943,TRUE
dblp_a_63,acm_809,TRUE
dblp_a_715,acm_455,TRUE
dblp_a_197,acm_1493,TRUE
dblp_a_1066,acm_2210,TRUE
dblp_a_752,acm_1277,TRUE
dblp_a_1231,acm_330,TRUE
dblp_a_1927,acm_2085,TRUE
dblp_a_445,acm_239,TRUE
dblp_a_590,acm_36,TRUE
dblp_a_1813,acm_2066,TRUE
dblp_a_740,acm_1177,TRUE
dblp_a_2589,acm_431,TRUE
dblp_a_826,acm_562,TRUE
dblp_a_2141,acm_861,TRUE
dblp_a_2254,acm_121,TRUE
dblp_a_497,acm_2022,TRUE
dblp_a_606,acm_1438,TRUE
dblp_a_2063,acm_1944,TRUE
dblp_a_392,acm_1768,TRUE
dblp_a_1559,acm_1723,TRUE
dblp_a_2495,acm_940,TRUE
dblp_a_1190,acm_2221,TRUE
dblp_a_720,acm_1248,TRUE
dblp_a_73,acm_311,TRUE
dblp_a_1226,acm_2008,TRUE
dblp_a_963,acm_931,TRUE
dblp_a_2504,acm_1704,TRUE
dblp_a_2094,acm_1570,TRUE
dblp_a_601,acm_438,TRUE
dblp_a_463,acm_3,TRUE
dblp_a_2501,acm_393,TRUE
dblp_a_229,acm_576,TRUE
dblp_a_1439,acm_791,TRUE
dblp_a_1308,acm_1301,TRUE
dblp_a_975,acm_1625,TRUE
dblp_a_1973,acm_1383,TRUE
dblp_a_1471,acm_777,TRUE
dblp_a_788,acm_1111,TRUE
dblp_a_1939,acm_449,TRUE
dblp_a_2550,acm_1272,TRUE
dblp_a_2004,acm_1736,TRUE
dblp_a_675,acm_12,TRUE
dblp_a_455,acm_1703,TRUE
dblp_a_93,acm_1712,TRUE
dblp_a_2125,acm_1235,TRUE
dblp_a_1067,acm_673,TRUE
dblp_a_2462,acm_2107,TRUE
dblp_a_1526,acm_1770,TRUE
dblp_a_729,acm_1021,TRUE
dblp_a_1270,acm_766,TRUE
dblp_a_1662,acm_1119,TRUE
dblp_a_1009,acm_1226,TRUE
dblp_a_593,acm_1740,TRUE
dblp_a_1390,acm_783,TRUE
dblp_a_501,acm_1571,TRUE
dblp_a_1809,acm_1573,TRUE
dblp_a_1560,acm_1267,TRUE
dblp_a_1150,acm_1716,TRUE
dblp_a_1832,acm_654,TRUE
dblp_a_2449,acm_1551,TRUE
dblp_a_1232,acm_1352,TRUE
dblp_a_2377,acm_484,TRUE
dblp_a_1297,acm_1946,TRUE
dblp_a_700,acm_132,TRUE
dblp_a_317,acm_1182,TRUE
dblp_a_2590,acm_1059,TRUE
dblp_a_1379,acm_1792,TRUE
dblp_a_2083,acm_1337,TRUE
dblp_a_1988,acm_389,TRUE
dblp_a_1220,acm_1801,TRUE
dblp_a_1476,acm_216,TRUE
dblp_a_2419,acm_1420,TRUE
dblp_a_2324,acm_1803,TRUE
dblp_a_687,acm_1855,TRUE
dblp_a_2399,acm_489,TRUE
dblp_a_1014,acm_1624,TRUE
dblp_a_493,acm_401,TRUE
dblp_a_1778,acm_1856,TRUE
dblp_a_199,acm_543,TRUE
dblp_a_2183,acm_2243,TRUE
dblp_a_2439,acm_96,TRUE
dblp_a_2066,acm_1613,TRUE
dblp_a_2353,acm_1428,TRUE
dblp_a_1075,acm_125,TRUE
dblp_a_845,acm_702,TRUE
dblp_a_2267,acm_108,TRUE
dblp_a_152,acm_398,TRUE
dblp_a_951,acm_1300,TRUE
dblp_a_432,acm_1782,TRUE
dblp_a_992,acm_1637,TRUE
dblp_a_2577,acm_930,TRUE
dblp_a_859,acm_716,TRUE
dblp_a_1310,acm_594,TRUE
dblp_a_862,acm_52,TRUE
dblp_a_2352,acm_808,TRUE
dblp_a_1989,acm_1652,TRUE
dblp_a_577,acm_2087,TRUE
dblp_a_2362,acm_107,TRUE
dblp_a_1720,acm_521,TRUE
dblp_a_563,acm_370,TRUE
dblp_a_1616,acm_1907,TRUE
dblp_a_1998,acm_1466,TRUE
dblp_a_1096,acm_2246,TRUE
dblp_a_1183,acm_857,TRUE
dblp_a_2050,acm_270,TRUE
dblp_a_500,acm_1974,TRUE
dblp_a_2272,acm_368,TRUE
dblp_a_1638,acm_1642,TRUE
dblp_a_1257,acm_2175,TRUE
dblp_a_94,acm_1609,TRUE
dblp_a_406,acm_718,TRUE
dblp_a_1421,acm_1029,TRUE
dblp_a_1651,acm_694,TRUE
dblp_a_1561,acm_322,TRUE
dblp_a_492,acm_2112,TRUE
dblp_a_1424,acm_1540,TRUE
dblp_a_832,acm_1412,TRUE
dblp_a_1846,acm_862,TRUE
dblp_a_240,acm_1583,TRUE
dblp_a_812,acm_318,TRUE
dblp_a_1477,acm_984,TRUE
dblp_a_1738,acm_1318,TRUE
dblp_a_1675,acm_1261,TRUE
dblp_a_380,acm_1070,TRUE
dblp_a_2390,acm_2273,TRUE
dblp_a_1376,acm_1901,TRUE
dblp_a_1331,acm_1700,TRUE
dblp_a_2016,acm_1380,TRUE
dblp_a_1138,acm_780,TRUE
dblp_a_583,acm_288,TRUE
dblp_a_2576,acm_1500,TRUE
dblp_a_1587,acm_1738,TRUE
dblp_a_1171,acm_1344,TRUE
dblp_a_1957,acm_2189,TRUE
dblp_a_1396,acm_2287,TRUE
dblp_a_1098,acm_689,TRUE
dblp_a_1630,acm_2180,TRUE
dblp_a_822,acm_1085,TRUE
dblp_a_1588,acm_437,TRUE
dblp_a_166,acm_209,TRUE
dblp_a_2435,acm_1665,TRUE
dblp_a_1685,acm_2269,TRUE
dblp_a_755,acm_1572,TRUE
dblp_a_1254,acm_1452,TRUE
dblp_a_1056,acm_338,TRUE
dblp_a_677,acm_1366,TRUE
dblp_a_1186,acm_2223,TRUE
dblp_a_552,acm_1538,TRUE
dblp_a_1758,acm_707,TRUE
dblp_a_2210,acm_1440,TRUE
dblp_a_1504,acm_1528,TRUE
dblp_a_1604,acm_1639,TRUE
dblp_a_1884,acm_1544,TRUE
dblp_a_2293,acm_1927,TRUE
dblp_a_1693,acm_217,TRUE
dblp_a_1384,acm_1495,TRUE
dblp_a_2433,acm_667,TRUE
dblp_a_1145,acm_1545,TRUE
dblp_a_917,acm_1586,TRUE
dblp_a_711,acm_1871,TRUE
dblp_a_905,acm_1791,TRUE
dblp_a_1317,acm_444,TRUE
dblp_a_1650,acm_1079,TRUE
dblp_a_849,acm_717,TRUE
dblp_a_35,acm_1040,TRUE
dblp_a_790,acm_1169,TRUE
dblp_a_2303,acm_59,TRUE
dblp_a_781,acm_597,TRUE
dblp_a_1307,acm_1308,TRUE
dblp_a_1529,acm_1656,TRUE
dblp_a_953,acm_1998,TRUE
dblp_a_107,acm_799,TRUE
dblp_a_2475,acm_1245,TRUE
dblp_a_120,acm_1259,TRUE
dblp_a_34,acm_1147,TRUE
dblp_a_2261,acm_1505,TRUE
dblp_a_2516,acm_2050,TRUE
dblp_a_1611,acm_631,TRUE
dblp_a_1111,acm_1645,TRUE
dblp_a_2268,acm_441,TRUE
dblp_a_1069,acm_905,TRUE
dblp_a_2547,acm_1769,TRUE
dblp_a_1986,acm_501,TRUE
dblp_a_135,acm_1521,TRUE
dblp_a_2136,acm_361,TRUE
dblp_a_674,acm_1455,TRUE
dblp_a_828,acm_655,TRUE
dblp_a_931,acm_38,TRUE
dblp_a_2329,acm_1563,TRUE
dblp_a_303,acm_1911,TRUE
dblp_a_533,acm_1008,TRUE
dblp_a_518,acm_1180,TRUE
dblp_a_2327,acm_572,TRUE
dblp_a_554,acm_153,TRUE
dblp_a_66,acm_1997,TRUE
dblp_a_2356,acm_461,TRUE
dblp_a_903,acm_646,TRUE
dblp_a_1251,acm_77,TRUE
dblp_a_408,acm_1774,TRUE
dblp_a_762,acm_2082,TRUE
dblp_a_2290,acm_1555,TRUE
dblp_a_844,acm_775,TRUE
dblp_a_112,acm_1735,TRUE
dblp_a_2513,acm_278,TRUE
dblp_a_1250,acm_554,TRUE
dblp_a_1276,acm_1905,TRUE
dblp_a_2512,acm_30,TRUE
dblp_a_737,acm_1423,TRUE
dblp_a_1665,acm_1537,TRUE
dblp_a_27,acm_1418,TRUE
dblp_a_62,acm_1240,TRUE
dblp_a_1752,acm_1183,TRUE
dblp_a_53,acm_1433,TRUE
dblp_a_512,acm_1869,TRUE
dblp_a_581,acm_267,TRUE
dblp_a_401,acm_2000,TRUE
dblp_a_376,acm_1165,TRUE
dblp_a_1028,acm_27,TRUE
dblp_a_2525,acm_1721,TRUE
dblp_a_2219,acm_1807,TRUE
dblp_a_1586,acm_305,TRUE
dblp_a_1897,acm_367,TRUE
dblp_a_1163,acm_1752,TRUE
dblp_a_2443,acm_1784,TRUE
dblp_a_2566,acm_1615,TRUE
dblp_a_1244,acm_10,TRUE
dblp_a_1404,acm_1193,TRUE
dblp_a_182,acm_638,TRUE
dblp_a_1711,acm_80,TRUE
dblp_a_639,acm_218,TRUE
dblp_a_530,acm_1633,TRUE
dblp_a_2545,acm_1753,TRUE
dblp_a_673,acm_1322,TRUE
dblp_a_1305,acm_603,TRUE
dblp_a_1647,acm_1621,TRUE
dblp_a_263,acm_847,TRUE
dblp_a_1443,acm_426,TRUE
dblp_a_1701,acm_1189,TRUE
dblp_a_990,acm_1644,TRUE
dblp_a_865,acm_82,TRUE
dblp_a_671,acm_2290,TRUE
dblp_a_901,acm_2053,TRUE
dblp_a_318,acm_2086,TRUE
dblp_a_1874,acm_201,TRUE
dblp_a_2091,acm_1772,TRUE
dblp_a_1059,acm_45,TRUE
dblp_a_605,acm_893,TRUE
dblp_a_1877,acm_1865,TRUE
dblp_a_1495,acm_2271,TRUE
dblp_a_399,acm_658,TRUE
dblp_a_2568,acm_1611,TRUE
dblp_a_896,acm_837,TRUE
dblp_a_437,acm_185,TRUE
dblp_a_1002,acm_1060,TRUE
dblp_a_855,acm_1219,TRUE
dblp_a_1582,acm_1013,TRUE
dblp_a_396,acm_1377,TRUE
dblp_a_1170,acm_709,TRUE
dblp_a_880,acm_1999,TRUE
dblp_a_77,acm_1651,TRUE
dblp_a_2333,acm_2007,TRUE
dblp_a_486,acm_1910,TRUE
dblp_a_223,acm_2110,TRUE
dblp_a_1094,acm_876,TRUE
dblp_a_909,acm_1756,TRUE
dblp_a_690,acm_262,TRUE
dblp_a_499,acm_165,TRUE
dblp_a_259,acm_2192,TRUE
dblp_a_2586,acm_2166,TRUE
dblp_a_821,acm_1762,TRUE
dblp_a_1697,acm_390,TRUE
dblp_a_1258,acm_11,TRUE
dblp_a_661,acm_1836,TRUE
dblp_a_31,acm_1434,TRUE
dblp_a_2331,acm_1014,TRUE
dblp_a_970,acm_1850,TRUE
dblp_a_2255,acm_918,TRUE
dblp_a_548,acm_1367,TRUE
dblp_a_1863,acm_1952,TRUE
dblp_a_1337,acm_312,TRUE
dblp_a_350,acm_233,TRUE
dblp_a_796,acm_1331,TRUE
dblp_a_2206,acm_723,TRUE
dblp_a_539,acm_762,TRUE
dblp_a_2037,acm_1954,TRUE
dblp_a_750,acm_411,TRUE
dblp_a_664,acm_1094,TRUE
dblp_a_782,acm_1941,TRUE
dblp_a_1106,acm_1238,TRUE
dblp_a_2519,acm_1741,TRUE
dblp_a_545,acm_1160,TRUE
dblp_a_1620,acm_1105,TRUE
dblp_a_1313,acm_617,TRUE
dblp_a_2194,acm_116,TRUE
dblp_a_2126,acm_846,TRUE
dblp_a_670,acm_587,TRUE
dblp_a_618,acm_1298,TRUE
dblp_a_546,acm_1874,TRUE
dblp_a_993,acm_1010,TRUE
dblp_a_2470,acm_342,TRUE
dblp_a_1482,acm_1405,TRUE
dblp_a_2117,acm_1606,TRUE
dblp_a_1825,acm_1307,TRUE
dblp_a_1619,acm_1775,TRUE
dblp_a_1577,acm_232,TRUE
dblp_a_1469,acm_465,TRUE
dblp_a_712,acm_376,TRUE
dblp_a_1255,acm_2278,TRUE
dblp_a_538,acm_1042,TRUE
dblp_a_1289,acm_2212,TRUE
dblp_a_2426,acm_1038,TRUE
dblp_a_390,acm_264,TRUE
dblp_a_1338,acm_1925,TRUE
dblp_a_299,acm_335,TRUE
dblp_a_1937,acm_1487,TRUE
dblp_a_2505,acm_1882,TRUE
dblp_a_2593,acm_960,TRUE
dblp_a_162,acm_1600,TRUE
dblp_a_323,acm_24,TRUE
dblp_a_703,acm_1297,TRUE
dblp_a_1682,acm_388,TRUE
dblp_a_258,acm_1211,TRUE
dblp_a_2343,acm_559,TRUE
dblp_a_823,acm_581,TRUE
dblp_a_514,acm_985,TRUE
dblp_a_656,acm_1799,TRUE
dblp_a_738,acm_860,TRUE
dblp_a_1995,acm_2137,TRUE
dblp_a_113,acm_507,TRUE
dblp_a_1524,acm_1686,TRUE
dblp_a_2077,acm_1532,TRUE
dblp_a_256,acm_1020,TRUE
dblp_a_1214,acm_1536,TRUE
dblp_a_2563,acm_2056,TRUE
dblp_a_243,acm_1778,TRUE
dblp_a_2114,acm_879,TRUE
dblp_a_1445,acm_141,TRUE
dblp_a_2013,acm_986,TRUE
dblp_a_1999,acm_83,TRUE
dblp_a_719,acm_684,TRUE
dblp_a_1816,acm_2215,TRUE
dblp_a_254,acm_529,TRUE
dblp_a_2540,acm_2259,TRUE
dblp_a_623,acm_2188,TRUE
dblp_a_217,acm_2144,TRUE
dblp_a_820,acm_64,TRUE
dblp_a_1818,acm_194,TRUE
dblp_a_1488,acm_1991,TRUE
dblp_a_2603,acm_1947,TRUE
dblp_a_1787,acm_1634,TRUE
dblp_a_2134,acm_1564,TRUE
dblp_a_2229,acm_1953,TRUE
dblp_a_72,acm_1087,TRUE
dblp_a_2610,acm_1689,TRUE
dblp_a_175,acm_1234,TRUE
dblp_a_754,acm_57,TRUE
dblp_a_1634,acm_1506,TRUE
dblp_a_2281,acm_1426,TRUE
dblp_a_598,acm_238,TRUE
dblp_a_921,acm_400,TRUE
dblp_a_2043,acm_1737,TRUE
dblp_a_962,acm_574,TRUE
dblp_a_99,acm_2247,TRUE
dblp_a_1348,acm_186,TRUE
dblp_a_1548,acm_2291,TRUE
dblp_a_2523,acm_1376,TRUE
dblp_a_1855,acm_296,TRUE
dblp_a_49,acm_1913,TRUE
dblp_a_44,acm_406,TRUE
dblp_a_1326,acm_2230,TRUE
dblp_a_41,acm_2283,TRUE
dblp_a_1718,acm_1631,TRUE
dblp_a_2341,acm_1046,TRUE
dblp_a_1126,acm_199,TRUE
dblp_a_397,acm_1016,TRUE
dblp_a_1438,acm_1659,TRUE
dblp_a_2000,acm_1117,TRUE
dblp_a_1653,acm_834,TRUE
dblp_a_1690,acm_695,TRUE
dblp_a_1746,acm_1465,TRUE
dblp_a_770,acm_1691,TRUE
dblp_a_1993,acm_1462,TRUE
dblp_a_213,acm_1860,TRUE
dblp_a_21,acm_1373,TRUE
dblp_a_1747,acm_2105,TRUE
dblp_a_2273,acm_419,TRUE
dblp_a_864,acm_1222,TRUE
dblp_a_1992,acm_227,TRUE
dblp_a_778,acm_1751,TRUE
dblp_a_935,acm_1171,TRUE
dblp_a_280,acm_2140,TRUE
dblp_a_838,acm_1490,TRUE
dblp_a_253,acm_1106,TRUE
dblp_a_2042,acm_333,TRUE
dblp_a_2027,acm_1966,TRUE
dblp_a_2337,acm_1830,TRUE
dblp_a_1700,acm_1725,TRUE
dblp_a_475,acm_911,TRUE
dblp_a_473,acm_23,TRUE
dblp_a_333,acm_2077,TRUE
dblp_a_2062,acm_1217,TRUE
dblp_a_1535,acm_1589,TRUE
dblp_a_154,acm_1446,TRUE
dblp_a_2294,acm_1795,TRUE
dblp_a_1174,acm_2044,TRUE
dblp_a_118,acm_1244,TRUE
dblp_a_1407,acm_148,TRUE
dblp_a_2606,acm_1153,TRUE
dblp_a_893,acm_478,TRUE
dblp_a_1300,acm_1722,TRUE
dblp_a_2104,acm_831,TRUE
dblp_a_1741,acm_66,TRUE
dblp_a_1687,acm_525,TRUE
dblp_a_2318,acm_1512,TRUE
dblp_a_84,acm_1627,TRUE
dblp_a_2446,acm_1581,TRUE
dblp_a_436,acm_951,TRUE
dblp_a_145,acm_685,TRUE
dblp_a_268,acm_1964,TRUE
dblp_a_1435,acm_628,TRUE
dblp_a_2561,acm_569,TRUE
dblp_a_1881,acm_558,TRUE
dblp_a_129,acm_1662,TRUE
dblp_a_1336,acm_1063,TRUE
dblp_a_1320,acm_1684,TRUE
dblp_a_2237,acm_2218,TRUE
dblp_a_1661,acm_1940,TRUE
dblp_a_1945,acm_611,TRUE
dblp_a_370,acm_700,TRUE
dblp_a_1342,acm_362,TRUE
dblp_a_1162,acm_937,TRUE
dblp_a_1474,acm_2178,TRUE
dblp_a_456,acm_941,TRUE
dblp_a_1228,acm_1353,TRUE
dblp_a_1259,acm_1017,TRUE
dblp_a_1621,acm_1480,TRUE
dblp_a_2326,acm_2036,TRUE
dblp_a_1858,acm_1095,TRUE
dblp_a_1204,acm_1192,TRUE
dblp_a_2235,acm_447,TRUE
dblp_a_1104,acm_1561,TRUE
dblp_a_2018,acm_1923,TRUE
dblp_a_2344,acm_63,TRUE
dblp_a_2497,acm_1630,TRUE
dblp_a_1795,acm_1024,TRUE
dblp_a_803,acm_2041,TRUE
dblp_a_2578,acm_1848,TRUE
dblp_a_225,acm_760,TRUE
dblp_a_1121,acm_473,TRUE
dblp_a_1562,acm_2274,TRUE
dblp_a_1047,acm_1437,TRUE
dblp_a_361,acm_980,TRUE
dblp_a_1822,acm_1760,TRUE
dblp_a_1885,acm_1185,TRUE
dblp_a_2110,acm_1347,TRUE
dblp_a_1729,acm_1150,TRUE
dblp_a_1921,acm_1287,TRUE
dblp_a_1062,acm_2122,TRUE
dblp_a_2388,acm_1514,TRUE
dblp_a_1130,acm_1241,TRUE
dblp_a_927,acm_590,TRUE
dblp_a_836,acm_933,TRUE
dblp_a_1990,acm_1489,TRUE
dblp_a_1077,acm_55,TRUE
dblp_a_1864,acm_2088,TRUE
dblp_a_339,acm_1361,TRUE
dblp_a_2055,acm_519,TRUE
dblp_a_739,acm_1554,TRUE
dblp_a_557,acm_78,TRUE
dblp_a_2146,acm_1091,TRUE
dblp_a_1450,acm_1577,TRUE
dblp_a_1912,acm_415,TRUE
dblp_a_1001,acm_1498,TRUE
dblp_a_2557,acm_1368,TRUE
dblp_a_615,acm_1417,TRUE
dblp_a_2139,acm_2220,TRUE
dblp_a_2105,acm_697,TRUE
dblp_a_1796,acm_842,TRUE
dblp_a_2600,acm_956,TRUE
dblp_a_2312,acm_487,TRUE
dblp_a_2285,acm_725,TRUE
dblp_a_124,acm_1064,TRUE
dblp_a_1409,acm_443,TRUE
dblp_a_641,acm_1043,TRUE
dblp_a_1519,acm_1289,TRUE
dblp_a_2265,acm_2224,TRUE
dblp_a_2187,acm_1096,TRUE
dblp_a_2245,acm_210,TRUE
dblp_a_2159,acm_928,TRUE
dblp_a_1024,acm_1698,TRUE
dblp_a_1811,acm_481,TRUE
dblp_a_2552,acm_1443,TRUE
dblp_a_511,acm_483,TRUE
dblp_a_747,acm_287,TRUE
dblp_a_2385,acm_1157,TRUE
dblp_a_1502,acm_206,TRUE
dblp_a_1826,acm_1034,TRUE
dblp_a_1200,acm_115,TRUE
dblp_a_1479,acm_366,TRUE
dblp_a_2403,acm_1296,TRUE
dblp_a_2307,acm_1942,TRUE
dblp_a_465,acm_1003,TRUE
dblp_a_1213,acm_1464,TRUE
dblp_a_353,acm_1620,TRUE
dblp_a_2088,acm_1647,TRUE
dblp_a_925,acm_378,TRUE
dblp_a_609,acm_428,TRUE
dblp_a_985,acm_877,TRUE
dblp_a_655,acm_319,TRUE
dblp_a_775,acm_344,TRUE
dblp_a_251,acm_724,TRUE
dblp_a_2207,acm_779,TRUE
dblp_a_423,acm_357,TRUE
dblp_a_1012,acm_2167,TRUE
dblp_a_1657,acm_1005,TRUE
dblp_a_1392,acm_708,TRUE
dblp_a_421,acm_2206,TRUE
dblp_a_870,acm_316,TRUE
dblp_a_196,acm_712,TRUE
dblp_a_1149,acm_155,TRUE
dblp_a_481,acm_571,TRUE
dblp_a_1411,acm_1230,TRUE
dblp_a_1517,acm_2047,TRUE
dblp_a_1679,acm_151,TRUE
dblp_a_1016,acm_1663,TRUE
dblp_a_87,acm_866,TRUE
dblp_a_1362,acm_1232,TRUE
dblp_a_1243,acm_2119,TRUE
dblp_a_1852,acm_1441,TRUE
dblp_a_315,acm_1411,TRUE
dblp_a_1222,acm_392,TRUE
dblp_a_2583,acm_598,TRUE
dblp_a_1207,acm_802,TRUE
dblp_a_1464,acm_2068,TRUE
dblp_a_575,acm_527,TRUE
dblp_a_1493,acm_2251,TRUE
dblp_a_2102,acm_967,TRUE
dblp_a_1525,acm_1810,TRUE
dblp_a_2608,acm_555,TRUE
dblp_a_950,acm_2183,TRUE
dblp_a_913,acm_1004,TRUE
dblp_a_372,acm_93,TRUE
dblp_a_1090,acm_1692,TRUE
dblp_a_586,acm_1062,TRUE
dblp_a_1218,acm_1227,TRUE
dblp_a_1269,acm_106,TRUE
dblp_a_568,acm_827,TRUE
dblp_a_2480,acm_1849,TRUE
dblp_a_520,acm_180,TRUE
dblp_a_1862,acm_854,TRUE
dblp_a_119,acm_1478,TRUE
dblp_a_1166,acm_1591,TRUE
dblp_a_126,acm_1319,TRUE
dblp_a_1011,acm_790,TRUE
dblp_a_2487,acm_469,TRUE
dblp_a_2224,acm_1758,TRUE
dblp_a_496,acm_177,TRUE
dblp_a_1169,acm_1195,TRUE
dblp_a_1860,acm_1504,TRUE
dblp_a_448,acm_913,TRUE
dblp_a_1637,acm_2272,TRUE
dblp_a_847,acm_1191,TRUE
dblp_a_654,acm_2292,TRUE
dblp_a_2533,acm_124,TRUE
dblp_a_2233,acm_1304,TRUE
dblp_a_1148,acm_1402,TRUE
dblp_a_207,acm_1054,TRUE
dblp_a_1400,acm_2019,TRUE
dblp_a_430,acm_1113,TRUE
dblp_a_982,acm_542,TRUE
dblp_a_2223,acm_203,TRUE
dblp_a_108,acm_2252,TRUE
dblp_a_1072,acm_945,TRUE
dblp_a_765,acm_1672,TRUE
dblp_a_185,acm_254,TRUE
dblp_a_1861,acm_1421,TRUE
dblp_a_929,acm_2233,TRUE
dblp_a_544,acm_1658,TRUE
dblp_a_2193,acm_1332,TRUE
dblp_a_1843,acm_81,TRUE
dblp_a_2530,acm_1142,TRUE
dblp_a_783,acm_2239,TRUE
dblp_a_1506,acm_1575,TRUE
dblp_a_524,acm_1224,TRUE
dblp_a_2601,acm_649,TRUE
dblp_a_2489,acm_753,TRUE
dblp_a_791,acm_948,TRUE
dblp_a_18,acm_1164,TRUE
dblp_a_2442,acm_1022,TRUE
dblp_a_1448,acm_476,TRUE
dblp_a_1246,acm_2160,TRUE
dblp_a_341,acm_1715,TRUE
dblp_a_1511,acm_676,TRUE
dblp_a_260,acm_2020,TRUE
dblp_a_1824,acm_32,TRUE
dblp_a_1987,acm_532,TRUE
dblp_a_281,acm_2094,TRUE
dblp_a_892,acm_1122,TRUE
dblp_a_2429,acm_436,TRUE
dblp_a_2520,acm_328,TRUE
dblp_a_742,acm_152,TRUE
dblp_a_277,acm_363,TRUE
dblp_a_1229,acm_664,TRUE
dblp_a_890,acm_865,TRUE
dblp_a_2208,acm_1922,TRUE
dblp_a_1952,acm_2018,TRUE
dblp_a_1753,acm_589,TRUE
dblp_a_343,acm_293,TRUE
dblp_a_1674,acm_466,TRUE
dblp_a_584,acm_396,TRUE
dblp_a_2180,acm_852,TRUE
dblp_a_186,acm_102,TRUE
dblp_a_547,acm_2222,TRUE
dblp_a_3,acm_1125,TRUE
dblp_a_2151,acm_1225,TRUE
dblp_a_1489,acm_365,TRUE
dblp_a_2321,acm_1175,TRUE
dblp_a_384,acm_140,TRUE
dblp_a_521,acm_2139,TRUE
dblp_a_651,acm_2014,TRUE
dblp_a_1706,acm_1649,TRUE
dblp_a_748,acm_618,TRUE
dblp_a_1733,acm_493,TRUE
dblp_a_1776,acm_408,TRUE
dblp_a_827,acm_173,TRUE
dblp_a_2034,acm_1286,TRUE
dblp_a_1585,acm_748,TRUE
dblp_a_433,acm_565,TRUE
dblp_a_1089,acm_104,TRUE
dblp_a_2413,acm_2267,TRUE
dblp_a_2473,acm_451,TRUE
dblp_a_249,acm_1806,TRUE
dblp_a_1805,acm_1764,TRUE
dblp_a_1522,acm_2065,TRUE
dblp_a_2079,acm_666,TRUE
dblp_a_551,acm_168,TRUE
dblp_a_505,acm_1788,TRUE
dblp_a_304,acm_551,TRUE
dblp_a_2220,acm_1794,TRUE
dblp_a_1941,acm_1750,TRUE
dblp_a_2075,acm_1765,TRUE
dblp_a_1892,acm_304,TRUE
dblp_a_2197,acm_1315,TRUE
dblp_a_1402,acm_2005,TRUE
dblp_a_2369,acm_220,TRUE
dblp_a_1915,acm_2084,TRUE
dblp_a_1128,acm_134,TRUE
dblp_a_1975,acm_858,TRUE
dblp_a_1967,acm_1265,TRUE
dblp_a_236,acm_1714,TRUE
dblp_a_1781,acm_784,TRUE
dblp_a_1241,acm_1576,TRUE
dblp_a_1212,acm_2103,TRUE
dblp_a_483,acm_977,TRUE
dblp_a_1070,acm_1039,TRUE
dblp_a_814,acm_1102,TRUE
dblp_a_994,acm_817,TRUE
dblp_a_1726,acm_1509,TRUE
dblp_a_1426,acm_1727,TRUE
dblp_a_769,acm_864,TRUE
dblp_a_691,acm_622,TRUE
dblp_a_98,acm_1908,TRUE
dblp_a_978,acm_179,TRUE
dblp_a_1782,acm_942,TRUE
dblp_a_2532,acm_1374,TRUE
dblp_a_402,acm_2135,TRUE
dblp_a_1371,acm_1776,TRUE
dblp_a_1281,acm_364,TRUE
dblp_a_2069,acm_1407,TRUE
dblp_a_76,acm_1209,TRUE
dblp_a_1947,acm_1779,TRUE
dblp_a_373,acm_1447,TRUE
dblp_a_1187,acm_811,TRUE
dblp_a_2022,acm_26,TRUE
dblp_a_643,acm_698,TRUE
dblp_a_2579,acm_1844,TRUE
dblp_a_2581,acm_1390,TRUE
dblp_a_179,acm_407,TRUE
dblp_a_756,acm_1580,TRUE
dblp_a_1575,acm_1314,TRUE
dblp_a_2028,acm_556,TRUE
dblp_a_1553,acm_939,TRUE
dblp_a_442,acm_423,TRUE
dblp_a_1589,acm_691,TRUE
dblp_a_1965,acm_1448,TRUE
dblp_a_1699,acm_257,TRUE
dblp_a_2389,acm_417,TRUE
dblp_a_1370,acm_2003,TRUE
dblp_a_1237,acm_22,TRUE
dblp_a_1036,acm_1711,TRUE
dblp_a_2611,acm_1237,TRUE
dblp_a_298,acm_953,TRUE
dblp_a_668,acm_1988,TRUE
dblp_a_1694,acm_313,TRUE
dblp_a_1020,acm_323,TRUE
dblp_a_1490,acm_1851,TRUE
dblp_a_282,acm_1255,TRUE
dblp_a_103,acm_950,TRUE
dblp_a_1385,acm_127,TRUE
dblp_a_362,acm_174,TRUE
dblp_a_608,acm_2229,TRUE
dblp_a_2499,acm_814,TRUE
dblp_a_39,acm_914,TRUE
dblp_a_429,acm_1364,TRUE
dblp_a_640,acm_1050,TRUE
dblp_a_283,acm_371,TRUE
dblp_a_558,acm_1879,TRUE
dblp_a_1060,acm_1221,TRUE
dblp_a_2549,acm_2256,TRUE
dblp_a_458,acm_2118,TRUE
dblp_a_1804,acm_2162,TRUE
dblp_a_104,acm_2174,TRUE
dblp_a_780,acm_1811,TRUE
dblp_a_261,acm_1931,TRUE
dblp_a_688,acm_1866,TRUE
dblp_a_415,acm_1468,TRUE
dblp_a_2247,acm_1608,TRUE
dblp_a_1161,acm_429,TRUE
dblp_a_91,acm_1328,TRUE
dblp_a_1756,acm_722,TRUE
dblp_a_2615,acm_1406,TRUE
dblp_a_1081,acm_1980,TRUE
dblp_a_599,acm_987,TRUE
dblp_a_866,acm_553,TRUE
dblp_a_1453,acm_299,TRUE
dblp_a_1518,acm_1917,TRUE
dblp_a_1054,acm_1155,TRUE
dblp_a_57,acm_899,TRUE
dblp_a_2179,acm_1254,TRUE
dblp_a_1236,acm_660,TRUE
dblp_a_16,acm_352,TRUE
dblp_a_250,acm_812,TRUE
dblp_a_972,acm_1513,TRUE
dblp_a_1296,acm_609,TRUE
dblp_a_730,acm_741,TRUE
dblp_a_1827,acm_713,TRUE
dblp_a_1799,acm_1976,TRUE
dblp_a_1666,acm_1158,TRUE
dblp_a_1851,acm_1734,TRUE
dblp_a_444,acm_1854,TRUE
dblp_a_374,acm_383,TRUE
dblp_a_1266,acm_2142,TRUE
dblp_a_1377,acm_518,TRUE
dblp_a_683,acm_1744,TRUE
dblp_a_1974,acm_468,TRUE
dblp_a_2225,acm_1243,TRUE
dblp_a_1436,acm_224,TRUE
dblp_a_2131,acm_225,TRUE
dblp_a_2150,acm_1718,TRUE
dblp_a_858,acm_1139,TRUE
dblp_a_1557,acm_2226,TRUE
dblp_a_2394,acm_409,TRUE
dblp_a_1358,acm_2157,TRUE
dblp_a_1920,acm_291,TRUE
dblp_a_355,acm_2120,TRUE
dblp_a_2007,acm_1198,TRUE
dblp_a_542,acm_1035,TRUE
dblp_a_1280,acm_1755,TRUE
dblp_a_1203,acm_2158,TRUE
dblp_a_329,acm_1251,TRUE
dblp_a_1019,acm_629,TRUE
dblp_a_168,acm_1821,TRUE
dblp_a_295,acm_757,TRUE
dblp_a_1698,acm_6,TRUE
dblp_a_305,acm_772,TRUE
dblp_a_1812,acm_1138,TRUE
dblp_a_2609,acm_1343,TRUE
dblp_a_1766,acm_1011,TRUE
dblp_a_513,acm_1717,TRUE
dblp_a_237,acm_1972,TRUE
dblp_a_188,acm_749,TRUE
dblp_a_2232,acm_1787,TRUE
dblp_a_1029,acm_970,TRUE
dblp_a_70,acm_963,TRUE
dblp_a_2332,acm_975,TRUE
dblp_a_1727,acm_1937,TRUE
dblp_a_2365,acm_1838,TRUE
dblp_a_2436,acm_600,TRUE
dblp_a_817,acm_196,TRUE
dblp_a_1767,acm_2028,TRUE
dblp_a_2320,acm_1250,TRUE
dblp_a_2241,acm_2228,TRUE
dblp_a_2030,acm_2208,TRUE
dblp_a_531,acm_1089,TRUE
dblp_a_1456,acm_1172,TRUE
dblp_a_2135,acm_2113,TRUE
dblp_a_1790,acm_706,TRUE
dblp_a_25,acm_806,TRUE
dblp_a_2296,acm_1898,TRUE
dblp_a_2199,acm_833,TRUE
dblp_a_2169,acm_1578,TRUE
dblp_a_1107,acm_1939,TRUE
dblp_a_2120,acm_769,TRUE
dblp_a_2226,acm_875,TRUE
dblp_a_1872,acm_1174,TRUE
dblp_a_363,acm_1214,TRUE
dblp_a_1834,acm_601,TRUE
dblp_a_1569,acm_95,TRUE
dblp_a_652,acm_1520,TRUE
dblp_a_2205,acm_1482,TRUE
dblp_a_881,acm_467,TRUE
dblp_a_582,acm_446,TRUE
dblp_a_1303,acm_2237,TRUE
dblp_a_111,acm_1971,TRUE
dblp_a_2121,acm_1893,TRUE
dblp_a_2061,acm_1127,TRUE
dblp_a_937,acm_1550,TRUE
dblp_a_365,acm_2277,TRUE
dblp_a_1132,acm_181,TRUE
dblp_a_650,acm_172,TRUE
dblp_a_1131,acm_92,TRUE
dblp_a_1458,acm_1933,TRUE
dblp_a_2106,acm_2281,TRUE
dblp_a_428,acm_285,TRUE
dblp_a_1602,acm_69,TRUE
dblp_a_799,acm_53,TRUE
dblp_a_1817,acm_754,TRUE
dblp_a_932,acm_62,TRUE
dblp_a_1318,acm_1929,TRUE
dblp_a_560,acm_1302,TRUE
dblp_a_1274,acm_1262,TRUE
dblp_a_1353,acm_84,TRUE
dblp_a_407,acm_1696,TRUE
dblp_a_1537,acm_492,TRUE
dblp_a_2240,acm_475,TRUE
dblp_a_2301,acm_2096,TRUE
dblp_a_1425,acm_2196,TRUE
dblp_a_908,acm_136,TRUE
dblp_a_1497,acm_1118,TRUE
dblp_a_1591,acm_128,TRUE
dblp_a_1168,acm_1990,TRUE
dblp_a_735,acm_1403,TRUE
dblp_a_1866,acm_249,TRUE
dblp_a_2404,acm_1163,TRUE
dblp_a_1609,acm_2116,TRUE
dblp_a_1576,acm_87,TRUE
dblp_a_12,acm_1213,TRUE
dblp_a_148,acm_1470,TRUE
dblp_a_1196,acm_1030,TRUE
dblp_a_342,acm_2186,TRUE
dblp_a_902,acm_610,TRUE
dblp_a_942,acm_744,TRUE
dblp_a_725,acm_2141,TRUE
dblp_a_1979,acm_903,TRUE
dblp_a_4,acm_1450,TRUE
dblp_a_2021,acm_1955,TRUE
dblp_a_1617,acm_1488,TRUE
dblp_a_2401,acm_515,TRUE
dblp_a_824,acm_1930,TRUE
dblp_a_11,acm_2010,TRUE
dblp_a_956,acm_1196,TRUE
dblp_a_718,acm_2104,TRUE
dblp_a_2248,acm_2126,TRUE
dblp_a_2492,acm_1124,TRUE
dblp_a_1192,acm_1731,TRUE
dblp_a_2181,acm_231,TRUE
dblp_a_419,acm_974,TRUE
dblp_a_1896,acm_222,TRUE
dblp_a_2613,acm_535,TRUE
dblp_a_2078,acm_86,TRUE
dblp_a_2355,acm_1351,TRUE
dblp_a_840,acm_1766,TRUE
dblp_a_2415,acm_1309,TRUE
dblp_a_804,acm_1648,TRUE
dblp_a_2411,acm_921,TRUE
dblp_a_1713,acm_46,TRUE
dblp_a_290,acm_470,TRUE
dblp_a_1343,acm_844,TRUE
dblp_a_2396,acm_1682,TRUE
dblp_a_1420,acm_670,TRUE
dblp_a_2204,acm_1249,TRUE
dblp_a_1430,acm_1475,TRUE
dblp_a_1964,acm_1525,TRUE
dblp_a_695,acm_420,TRUE
dblp_a_580,acm_33,TRUE
dblp_a_320,acm_1442,TRUE
dblp_a_1413,acm_682,TRUE
dblp_a_1768,acm_1732,TRUE
dblp_a_1751,acm_1273,TRUE
dblp_a_1664,acm_782,TRUE
dblp_a_2423,acm_2171,TRUE
dblp_a_216,acm_885,TRUE
dblp_a_741,acm_157,TRUE
dblp_a_526,acm_418,TRUE
dblp_a_86,acm_499,TRUE
dblp_a_1704,acm_99,TRUE
dblp_a_449,acm_586,TRUE
dblp_a_846,acm_435,TRUE
dblp_a_2218,acm_351,TRUE
dblp_a_522,acm_537,TRUE
dblp_a_495,acm_1103,TRUE
dblp_a_1397,acm_1216,TRUE
dblp_a_2160,acm_1579,TRUE
dblp_a_133,acm_176,TRUE
dblp_a_212,acm_1310,TRUE
dblp_a_1968,acm_1276,TRUE
dblp_a_1491,acm_1650,TRUE
dblp_a_2434,acm_615,TRUE
dblp_a_42,acm_845,TRUE
dblp_a_898,acm_495,TRUE
dblp_a_2315,acm_379,TRUE
dblp_a_773,acm_1678,TRUE
dblp_a_872,acm_1057,TRUE
dblp_a_1434,acm_1269,TRUE
dblp_a_50,acm_1713,TRUE
dblp_a_266,acm_118,TRUE
dblp_a_193,acm_536,TRUE
dblp_a_1551,acm_1904,TRUE
dblp_a_1140,acm_1547,TRUE
dblp_a_2511,acm_2286,TRUE
dblp_a_2274,acm_41,TRUE
dblp_a_2392,acm_1427,TRUE
dblp_a_170,acm_983,TRUE
dblp_a_1142,acm_1839,TRUE
dblp_a_1406,acm_1824,TRUE
dblp_a_296,acm_1355,TRUE
dblp_a_805,acm_637,TRUE
dblp_a_1071,acm_1802,TRUE
dblp_a_1040,acm_353,TRUE
dblp_a_309,acm_1369,TRUE
dblp_a_918,acm_47,TRUE
dblp_a_1447,acm_2205,TRUE
dblp_a_1387,acm_410,TRUE
dblp_a_1745,acm_1754,TRUE
dblp_a_1202,acm_1592,TRUE
dblp_a_1139,acm_229,TRUE
dblp_a_466,acm_510,TRUE
dblp_a_2444,acm_969,TRUE
dblp_a_525,acm_639,TRUE
dblp_a_578,acm_2248,TRUE
dblp_a_899,acm_1814,TRUE
dblp_a_97,acm_309,TRUE
dblp_a_2379,acm_1037,TRUE
dblp_a_910,acm_1474,TRUE
dblp_a_2009,acm_1271,TRUE
dblp_a_939,acm_2045,TRUE
dblp_a_224,acm_633,TRUE
dblp_a_1095,acm_1739,TRUE
dblp_a_1465,acm_2262,TRUE
dblp_a_81,acm_170,TRUE
dblp_a_1470,acm_1,TRUE
dblp_a_2529,acm_1568,TRUE
dblp_a_2182,acm_1432,TRUE
dblp_a_1677,acm_1394,TRUE
dblp_a_369,acm_1200,TRUE
dblp_a_1146,acm_5,TRUE
dblp_a_1608,acm_247,TRUE
dblp_a_1779,acm_1258,TRUE
dblp_a_327,acm_1055,TRUE
dblp_a_173,acm_1895,TRUE
dblp_a_1770,acm_1605,TRUE
dblp_a_1655,acm_1194,TRUE
dblp_a_702,acm_1173,TRUE
dblp_a_1754,acm_2080,TRUE
dblp_a_1714,acm_1270,TRUE
dblp_a_697,acm_1590,TRUE
dblp_a_2560,acm_404,TRUE
dblp_a_2082,acm_273,TRUE
dblp_a_1942,acm_1683,TRUE
dblp_a_1301,acm_764,TRUE
dblp_a_79,acm_1943,TRUE
dblp_a_2044,acm_129,TRUE
dblp_a_354,acm_300,TRUE
dblp_a_1978,acm_479,TRUE
dblp_a_1375,acm_929,TRUE
dblp_a_1919,acm_399,TRUE
dblp_a_1936,acm_1386,TRUE
dblp_a_2209,acm_1827,TRUE
dblp_a_617,acm_35,TRUE
dblp_a_37,acm_1199,TRUE
dblp_a_811,acm_1104,TRUE
dblp_a_1683,acm_1341,TRUE
dblp_a_1157,acm_2244,TRUE
dblp_a_1538,acm_873,TRUE
dblp_a_1185,acm_1880,TRUE
dblp_a_300,acm_1742,TRUE
dblp_a_1972,acm_778,TRUE
dblp_a_469,acm_1531,TRUE
dblp_a_1681,acm_531,TRUE
dblp_a_287,acm_1915,TRUE
dblp_a_1684,acm_1381,TRUE
dblp_a_1613,acm_2015,TRUE
dblp_a_1221,acm_1616,TRUE
dblp_a_1841,acm_397,TRUE
dblp_a_1253,acm_696,TRUE
dblp_a_1053,acm_1797,TRUE
dblp_a_2156,acm_961,TRUE
dblp_a_955,acm_1957,TRUE
dblp_a_886,acm_1899,TRUE
dblp_a_1907,acm_1311,TRUE
dblp_a_1463,acm_1597,TRUE
dblp_a_888,acm_2006,TRUE
dblp_a_1103,acm_382,TRUE
dblp_a_269,acm_219,TRUE
dblp_a_1116,acm_2261,TRUE
dblp_a_2358,acm_869,TRUE
dblp_a_1898,acm_1503,TRUE
dblp_a_1472,acm_1136,TRUE
dblp_a_727,acm_640,TRUE
dblp_a_80,acm_1461,TRUE
dblp_a_1351,acm_1231,TRUE
dblp_a_1480,acm_340,TRUE
dblp_a_549,acm_295,TRUE
dblp_a_226,acm_1012,TRUE
dblp_a_2253,acm_298,TRUE
dblp_a_784,acm_796,TRUE
dblp_a_2048,acm_314,TRUE
dblp_a_1263,acm_1112,TRUE
dblp_a_816,acm_1707,TRUE
dblp_a_614,acm_20,TRUE
dblp_a_2251,acm_2055,TRUE
dblp_a_177,acm_8,TRUE
dblp_a_161,acm_733,TRUE
dblp_a_151,acm_1960,TRUE
dblp_a_619,acm_154,TRUE
dblp_a_109,acm_150,TRUE
dblp_a_2575,acm_97,TRUE
dblp_a_2454,acm_504,TRUE
dblp_a_2420,acm_797,TRUE
dblp_a_1981,acm_1067,TRUE
dblp_a_589,acm_432,TRUE
dblp_a_1750,acm_1757,TRUE
dblp_a_1909,acm_2079,TRUE
dblp_a_139,acm_1491,TRUE
dblp_a_587,acm_144,TRUE
dblp_a_1284,acm_70,TRUE
dblp_a_1285,acm_1473,TRUE
dblp_a_613,acm_1826,TRUE
dblp_a_1783,acm_2035,TRUE
dblp_a_1084,acm_2033,TRUE
dblp_a_2536,acm_337,TRUE
dblp_a_831,acm_773,TRUE
dblp_a_306,acm_1522,TRUE
dblp_a_2592,acm_349,TRUE
dblp_a_536,acm_2031,TRUE
dblp_a_1048,acm_1107,TRUE
dblp_a_1567,acm_442,TRUE
dblp_a_744,acm_1072,TRUE
dblp_a_1117,acm_1074,TRUE
dblp_a_324,acm_138,TRUE
dblp_a_2191,acm_1566,TRUE
dblp_a_2322,acm_1892,TRUE
dblp_a_1534,acm_2156,TRUE
dblp_a_378,acm_2276,TRUE
dblp_a_1382,acm_1994,TRUE
dblp_a_1368,acm_803,TRUE
dblp_a_1485,acm_737,TRUE
dblp_a_1211,acm_2040,TRUE
dblp_a_1505,acm_2198,TRUE
dblp_a_1272,acm_460,TRUE
dblp_a_767,acm_271,TRUE
dblp_a_1323,acm_2089,TRUE
dblp_a_2212,acm_277,TRUE
dblp_a_2036,acm_1870,TRUE
dblp_a_2591,acm_765,TRUE
dblp_a_244,acm_679,TRUE
dblp_a_232,acm_213,TRUE
dblp_a_1510,acm_1002,TRUE
dblp_a_789,acm_178,TRUE
dblp_a_1055,acm_997,TRUE
dblp_a_878,acm_1325,TRUE
dblp_a_1180,acm_56,TRUE
dblp_a_2607,acm_2293,TRUE
dblp_a_763,acm_1204,TRUE
dblp_a_2239,acm_2176,TRUE
dblp_a_694,acm_1077,TRUE
dblp_a_2292,acm_1818,TRUE
dblp_a_176,acm_1646,TRUE
dblp_a_1350,acm_2257,TRUE
dblp_a_713,acm_1342,TRUE
dblp_a_83,acm_1454,TRUE
dblp_a_2129,acm_1114,TRUE
dblp_a_1755,acm_511,TRUE
dblp_a_1730,acm_1959,TRUE
dblp_a_2040,acm_687,TRUE
dblp_a_930,acm_770,TRUE
dblp_a_1710,acm_2136,TRUE
dblp_a_528,acm_2074,TRUE
dblp_a_2308,acm_889,TRUE
dblp_a_699,acm_677,TRUE
dblp_a_400,acm_2115,TRUE
dblp_a_1618,acm_1283,TRUE
dblp_a_2472,acm_1109,TRUE
dblp_a_600,acm_2235,TRUE
dblp_a_2266,acm_528,TRUE
dblp_a_1886,acm_1986,TRUE
dblp_a_131,acm_927,TRUE
dblp_a_2101,acm_2197,TRUE
dblp_a_1349,acm_1082,TRUE
dblp_a_1264,acm_1151,TRUE
dblp_a_1875,acm_2254,TRUE
dblp_a_1523,acm_1263,TRUE
dblp_a_1791,acm_60,TRUE
dblp_a_1151,acm_1604,TRUE
dblp_a_1950,acm_1041,TRUE
dblp_a_2035,acm_612,TRUE
dblp_a_2299,acm_1326,TRUE
dblp_a_1321,acm_2027,TRUE
dblp_a_24,acm_159,TRUE
dblp_a_722,acm_1710,TRUE
dblp_a_1007,acm_1370,TRUE
dblp_a_1356,acm_332,TRUE
dblp_a_967,acm_2219,TRUE
dblp_a_1433,acm_878,TRUE
dblp_a_795,acm_1685,TRUE
dblp_a_1359,acm_1868,TRUE
dblp_a_1429,acm_250,TRUE
dblp_a_1887,acm_2078,TRUE
dblp_a_1509,acm_774,TRUE
dblp_a_768,acm_1170,TRUE
dblp_a_541,acm_607,TRUE
dblp_a_1332,acm_1841,TRUE
dblp_a_2543,acm_2121,TRUE
dblp_a_2588,acm_1956,TRUE
dblp_a_2099,acm_910,TRUE
dblp_a_187,acm_739,TRUE
dblp_a_1419,acm_2173,TRUE
dblp_a_2124,acm_966,TRUE
dblp_a_2098,acm_268,TRUE
dblp_a_1584,acm_2195,TRUE
dblp_a_1051,acm_1019,TRUE
dblp_a_2174,acm_1593,TRUE
dblp_a_508,acm_1233,TRUE
dblp_a_1223,acm_496,TRUE
dblp_a_2597,acm_1982,TRUE
dblp_a_919,acm_1507,TRUE
dblp_a_1857,acm_759,TRUE
dblp_a_1181,acm_1047,TRUE
dblp_a_1935,acm_498,TRUE
dblp_a_1802,acm_579,TRUE
dblp_a_205,acm_276,TRUE
dblp_a_1739,acm_573,TRUE
dblp_a_1164,acm_329,TRUE
dblp_a_969,acm_133,TRUE
dblp_a_381,acm_281,TRUE
dblp_a_420,acm_1051,TRUE
dblp_a_1514,acm_1837,TRUE
dblp_a_2476,acm_823,TRUE
dblp_a_1794,acm_2013,TRUE
dblp_a_1030,acm_1800,TRUE
dblp_a_1210,acm_635,TRUE
dblp_a_731,acm_259,TRUE
dblp_a_1000,acm_261,TRUE
dblp_a_1574,acm_326,TRUE
dblp_a_2518,acm_1413,TRUE
dblp_a_649,acm_1483,TRUE
dblp_a_529,acm_477,TRUE
dblp_a_2477,acm_228,TRUE
dblp_a_1154,acm_430,TRUE
dblp_a_1944,acm_793,TRUE
dblp_a_1273,acm_1045,TRUE
dblp_a_733,acm_853,TRUE
dblp_a_2003,acm_804,TRUE
dblp_a_144,acm_1961,TRUE
dblp_a_377,acm_245,TRUE
dblp_a_772,acm_962,TRUE
dblp_a_351,acm_1354,TRUE
dblp_a_1667,acm_16,TRUE
dblp_a_1581,acm_1780,TRUE
dblp_a_1996,acm_2011,TRUE
dblp_a_1928,acm_630,TRUE
dblp_a_2372,acm_993,TRUE
dblp_a_2483,acm_1553,TRUE
dblp_a_368,acm_1921,TRUE
dblp_a_2163,acm_747,TRUE
dblp_a_2291,acm_936,TRUE
dblp_a_2534,acm_1246,TRUE
dblp_a_431,acm_1181,TRUE
dblp_a_150,acm_252,TRUE
dblp_a_2599,acm_434,TRUE
dblp_a_1423,acm_2049,TRUE
dblp_a_809,acm_1015,TRUE
dblp_a_1828,acm_623,TRUE
dblp_a_1911,acm_2258,TRUE
dblp_a_1659,acm_1671,TRUE
dblp_a_2359,acm_480,TRUE
dblp_a_1956,acm_1677,TRUE
dblp_a_2002,acm_800,TRUE
dblp_a_2604,acm_1334,TRUE
dblp_a_426,acm_1485,TRUE
dblp_a_2051,acm_1790,TRUE
dblp_a_1178,acm_1724,TRUE
dblp_a_692,acm_1761,TRUE
dblp_a_2189,acm_726,TRUE
dblp_a_1549,acm_1747,TRUE
dblp_a_873,acm_883,TRUE
dblp_a_1366,acm_374,TRUE
dblp_a_2112,acm_1623,TRUE
dblp_a_534,acm_187,TRUE
dblp_a_2185,acm_1101,TRUE
dblp_a_347,acm_954,TRUE
dblp_a_1520,acm_1530,TRUE
dblp_a_22,acm_1862,TRUE
dblp_a_2425,acm_1840,TRUE
dblp_a_1373,acm_1294,TRUE
dblp_a_2494,acm_1159,TRUE
dblp_a_143,acm_301,TRUE
dblp_a_82,acm_810,TRUE
dblp_a_1235,acm_126,TRUE
dblp_a_2123,acm_0,TRUE
dblp_a_797,acm_755,TRUE
dblp_a_1908,acm_266,TRUE
dblp_a_1248,acm_211,TRUE
dblp_a_793,acm_1061,TRUE
dblp_a_405,acm_2138,TRUE
dblp_a_209,acm_2184,TRUE
dblp_a_1918,acm_1469,TRUE
dblp_a_2402,acm_2240,TRUE
dblp_a_1023,acm_163,TRUE
dblp_a_999,acm_1312,TRUE
dblp_a_2017,acm_19,TRUE
dblp_a_1536,acm_874,TRUE
dblp_a_1114,acm_756,TRUE
dblp_a_1041,acm_1833,TRUE
dblp_a_648,acm_414,TRUE
dblp_a_276,acm_651,TRUE
dblp_a_527,acm_51,TRUE
dblp_a_121,acm_1687,TRUE
dblp_a_366,acm_1719,TRUE
dblp_a_1879,acm_303,TRUE
dblp_a_1513,acm_1891,TRUE
dblp_a_467,acm_1197,TRUE
dblp_a_1498,acm_1203,TRUE
dblp_a_2521,acm_1435,TRUE
dblp_a_1849,acm_2017,TRUE
dblp_a_854,acm_1156,TRUE
dblp_a_1006,acm_727,TRUE
dblp_a_29,acm_2280,TRUE
dblp_a_2406,acm_1083,TRUE
dblp_a_2256,acm_1115,TRUE
dblp_a_850,acm_560,TRUE
dblp_a_971,acm_1152,TRUE
dblp_a_1831,acm_2279,TRUE
dblp_a_1360,acm_1053,TRUE
dblp_a_472,acm_226,TRUE
dblp_a_1038,acm_1859,TRUE
dblp_a_2347,acm_1335,TRUE
dblp_a_830,acm_1264,TRUE
dblp_a_2558,acm_1167,TRUE
dblp_a_1929,acm_471,TRUE
dblp_a_2057,acm_1533,TRUE
dblp_a_1769,acm_693,TRUE
dblp_a_979,acm_156,TRUE
dblp_a_352,acm_988,TRUE
dblp_a_2345,acm_1819,TRUE
dblp_a_1680,acm_1985,TRUE
dblp_a_358,acm_665,TRUE
dblp_a_2271,acm_776,TRUE
dblp_a_292,acm_674,TRUE
dblp_a_1598,acm_221,TRUE
dblp_a_1808,acm_1979,TRUE
dblp_a_1057,acm_613,TRUE
dblp_a_417,acm_887,TRUE
dblp_a_2284,acm_284,TRUE
dblp_a_1629,acm_1978,TRUE
dblp_a_5,acm_49,TRUE
dblp_a_2537,acm_625,TRUE
dblp_a_861,acm_2253,TRUE
dblp_a_6,acm_746,TRUE
dblp_a_2502,acm_1278,TRUE
dblp_a_460,acm_369,TRUE
dblp_a_411,acm_1823,TRUE
dblp_a_485,acm_109,TRUE
dblp_a_2455,acm_570,TRUE
dblp_a_2019,acm_1773,TRUE
dblp_a_760,acm_836,TRUE
dblp_a_137,acm_1831,TRUE
dblp_a_996,acm_1552,TRUE
dblp_a_412,acm_1523,TRUE
dblp_a_1119,acm_1614,TRUE
dblp_a_85,acm_1539,TRUE
dblp_a_288,acm_1515,TRUE
dblp_a_1876,acm_2030,TRUE
dblp_a_912,acm_145,TRUE
dblp_a_494,acm_1492,TRUE
dblp_a_1026,acm_794,TRUE
dblp_a_409,acm_788,TRUE
dblp_a_1806,acm_1372,TRUE
dblp_a_2011,acm_692,TRUE
dblp_a_706,acm_345,TRUE
dblp_a_2278,acm_1786,TRUE
dblp_a_471,acm_1239,TRUE
dblp_a_241,acm_2095,TRUE
dblp_a_234,acm_2207,TRUE
dblp_a_60,acm_832,TRUE
dblp_a_122,acm_464,TRUE
dblp_a_267,acm_384,TRUE
dblp_a_1219,acm_882,TRUE
dblp_a_1516,acm_643,TRUE
dblp_a_1707,acm_424,TRUE
dblp_a_1757,acm_1476,TRUE
dblp_a_627,acm_1588,TRUE
dblp_a_1120,acm_1092,TRUE
dblp_a_257,acm_2034,TRUE
dblp_a_887,acm_2002,TRUE
dblp_a_1882,acm_112,TRUE
dblp_a_572,acm_1385,TRUE
dblp_a_1870,acm_1938,TRUE
dblp_a_1415,acm_2255,TRUE
dblp_a_1614,acm_2046,TRUE
dblp_a_576,acm_644,TRUE
dblp_a_52,acm_1680,TRUE
dblp_a_891,acm_88,TRUE
dblp_a_1648,acm_614,TRUE
dblp_a_180,acm_1668,TRUE
dblp_a_1835,acm_184,TRUE
dblp_a_667,acm_2152,TRUE
dblp_a_1601,acm_2067,TRUE
dblp_a_1206,acm_1728,TRUE
dblp_a_2461,acm_1260,TRUE
dblp_a_980,acm_1664,TRUE
dblp_a_1193,acm_2270,TRUE
dblp_a_393,acm_2250,TRUE
dblp_a_573,acm_1330,TRUE
dblp_a_1277,acm_42,TRUE
dblp_a_391,acm_1100,TRUE
dblp_a_1234,acm_1641,TRUE
dblp_a_701,acm_789,TRUE
dblp_a_1197,acm_1081,TRUE
dblp_a_1721,acm_2023,TRUE
dblp_a_1268,acm_863,TRUE
dblp_a_625,acm_978,TRUE
dblp_a_723,acm_1560,TRUE
dblp_a_659,acm_2042,TRUE
dblp_a_61,acm_728,TRUE
dblp_a_1112,acm_1299,TRUE
dblp_a_1573,acm_350,TRUE
dblp_a_1814,acm_1496,TRUE
dblp_a_1182,acm_818,TRUE
dblp_a_1960,acm_1582,TRUE
dblp_a_2330,acm_1056,TRUE
dblp_a_2279,acm_1414,TRUE
dblp_a_279,acm_1401,TRUE
dblp_a_696,acm_1875,TRUE
dblp_a_1773,acm_641,TRUE
dblp_a_1302,acm_2194,TRUE
dblp_a_1380,acm_2202,TRUE
dblp_a_117,acm_596,TRUE
dblp_a_1134,acm_2026,TRUE
dblp_a_319,acm_824,TRUE
dblp_a_2570,acm_2227,TRUE
dblp_a_2422,acm_1825,TRUE
dblp_a_672,acm_114,TRUE
dblp_a_2478,acm_381,TRUE
dblp_a_1194,acm_2177,TRUE
dblp_a_884,acm_1358,TRUE
dblp_a_1656,acm_557,TRUE
dblp_a_1249,acm_538,TRUE
dblp_a_588,acm_1729,TRUE
dblp_a_535,acm_584,TRUE
dblp_a_457,acm_143,TRUE
dblp_a_1636,acm_453,TRUE
dblp_a_289,acm_1697,TRUE
dblp_a_2076,acm_2032,TRUE
dblp_a_2551,acm_1436,TRUE
dblp_a_852,acm_841,TRUE
dblp_a_1267,acm_454,TRUE
dblp_a_2460,acm_2159,TRUE
dblp_a_325,acm_958,TRUE
dblp_a_1740,acm_169,TRUE
dblp_a_1487,acm_815,TRUE
dblp_a_146,acm_1812,TRUE
dblp_a_56,acm_263,TRUE
dblp_a_2010,acm_2191,TRUE
dblp_a_1386,acm_1853,TRUE
dblp_a_345,acm_1556,TRUE
dblp_a_1856,acm_1820,TRUE
dblp_a_2361,acm_1384,TRUE
dblp_a_995,acm_1445,TRUE
dblp_a_1654,acm_450,TRUE
dblp_a_567,acm_1456,TRUE
dblp_a_801,acm_908,TRUE
dblp_a_1227,acm_1346,TRUE
dblp_a_987,acm_1675,TRUE
dblp_a_1319,acm_632,TRUE
dblp_a_555,acm_2025,TRUE
dblp_a_2342,acm_1387,TRUE
dblp_a_2313,acm_1771,TRUE
dblp_a_1165,acm_1137,TRUE
dblp_a_1689,acm_1622,TRUE
dblp_a_736,acm_1327,TRUE
dblp_a_1962,acm_867,TRUE
dblp_a_1671,acm_7,TRUE
dblp_a_1304,acm_1463,TRUE
dblp_a_724,acm_1400,TRUE
dblp_a_2153,acm_730,TRUE
dblp_a_1076,acm_1919,TRUE
dblp_a_1080,acm_320,TRUE
dblp_a_1564,acm_1679,TRUE
dblp_a_2276,acm_2051,TRUE
dblp_a_2410,acm_1202,TRUE
dblp_a_2397,acm_1025,TRUE
dblp_a_1547,acm_457,TRUE
dblp_a_591,acm_120,TRUE
dblp_a_68,acm_2048,TRUE
dblp_a_1050,acm_1320,TRUE
dblp_a_198,acm_1220,TRUE
dblp_a_1712,acm_1845,TRUE
dblp_a_2450,acm_198,TRUE
dblp_a_1644,acm_459,TRUE
dblp_a_48,acm_360,TRUE
dblp_a_59,acm_2187,TRUE
dblp_a_863,acm_1471,TRUE
dblp_a_1158,acm_175,TRUE
dblp_a_141,acm_2201,TRUE
dblp_a_1515,acm_1730,TRUE
dblp_a_1622,acm_2242,TRUE
dblp_a_1994,acm_1481,TRUE
dblp_a_835,acm_1612,TRUE
dblp_a_1363,acm_1798,TRUE
dblp_a_684,acm_2070,TRUE
dblp_a_853,acm_602,TRUE
dblp_a_894,acm_474,TRUE
dblp_a_2202,acm_1324,TRUE
dblp_a_2451,acm_539,TRUE
dblp_a_1367,acm_1815,TRUE
dblp_a_634,acm_485,TRUE
dblp_a_1803,acm_705,TRUE
dblp_a_233,acm_1557,TRUE
dblp_a_1723,acm_1336,TRUE
dblp_a_106,acm_785,TRUE
dblp_a_1466,acm_1444,TRUE
dblp_a_658,acm_636,TRUE
dblp_a_395,acm_2165,TRUE
dblp_a_757,acm_849,TRUE
dblp_a_1641,acm_1120,TRUE
dblp_a_611,acm_2092,TRUE
dblp_a_2071,acm_627,TRUE
dblp_a_944,acm_680,TRUE
dblp_a_2565,acm_2039,TRUE
dblp_a_1728,acm_999,TRUE
dblp_a_2295,acm_1914,TRUE
dblp_a_478,acm_2059,TRUE
dblp_a_1441,acm_1618,TRUE
dblp_a_125,acm_272,TRUE
dblp_a_2490,acm_1033,TRUE
dblp_a_2024,acm_425,TRUE
dblp_a_26,acm_1431,TRUE
dblp_a_1724,acm_1763,TRUE
dblp_a_379,acm_214,TRUE
dblp_a_1580,acm_1253,TRUE
dblp_a_1829,acm_577,TRUE
dblp_a_2176,acm_490,TRUE
dblp_a_65,acm_39,TRUE
dblp_a_1201,acm_1123,TRUE
dblp_a_856,acm_855,TRUE
dblp_a_1786,acm_100,TRUE
dblp_a_102,acm_2163,TRUE
dblp_a_1330,acm_2117,TRUE
dblp_a_2086,acm_14,TRUE
dblp_a_1172,acm_321,TRUE
dblp_a_1198,acm_2093,TRUE
dblp_a_1789,acm_1306,TRUE
dblp_a_1565,acm_135,TRUE
dblp_a_15,acm_1132,TRUE
dblp_a_2378,acm_1028,TRUE
dblp_a_1550,acm_2185,TRUE
dblp_a_2215,acm_701,TRUE
dblp_a_1361,acm_1906,TRUE
dblp_a_2517,acm_1674,TRUE
dblp_a_1985,acm_1983,TRUE
dblp_a_2177,acm_1817,TRUE
dblp_a_1473,acm_1291,TRUE
dblp_a_2049,acm_838,TRUE
dblp_a_1660,acm_72,TRUE
dblp_a_2186,acm_828,TRUE
dblp_a_1042,acm_1638,TRUE
dblp_a_2152,acm_1166,TRUE
dblp_a_1692,acm_1596,TRUE
dblp_a_1528,acm_979,TRUE
dblp_a_479,acm_1208,TRUE
dblp_a_1819,acm_1834,TRUE
dblp_a_682,acm_1218,TRUE
dblp_a_1340,acm_1228,TRUE
dblp_a_745,acm_1796,TRUE
dblp_a_1615,acm_142,TRUE
dblp_a_1703,acm_729,TRUE
dblp_a_974,acm_395,TRUE
dblp_a_2020,acm_1379,TRUE
dblp_a_1632,acm_1858,TRUE
dblp_a_660,acm_2249,TRUE
dblp_a_45,acm_413,TRUE
dblp_a_2407,acm_113,TRUE
dblp_a_2567,acm_503,TRUE
dblp_a_1772,acm_1207,TRUE
dblp_a_171,acm_1130,TRUE
dblp_a_1991,acm_2190,TRUE
dblp_a_876,acm_1549,TRUE
dblp_a_2113,acm_391,TRUE
dblp_a_206,acm_246,TRUE
dblp_a_1924,acm_1141,TRUE
dblp_a_923,acm_821,TRUE
dblp_a_2414,acm_1508,TRUE
dblp_a_215,acm_1777,TRUE
dblp_a_2096,acm_1472,TRUE
dblp_a_2340,acm_1068,TRUE
dblp_a_1032,acm_968,TRUE
dblp_a_19,acm_1409,TRUE
dblp_a_2269,acm_1365,TRUE
dblp_a_446,acm_545,TRUE
dblp_a_565,acm_1076,TRUE
dblp_a_2360,acm_1886,TRUE
dblp_a_1922,acm_2172,TRUE
dblp_a_857,acm_1290,TRUE
dblp_a_1355,acm_1746,TRUE
dblp_a_607,acm_13,TRUE
dblp_a_2363,acm_1559,TRUE
dblp_a_2178,acm_372,TRUE
dblp_a_1333,acm_354,TRUE
dblp_a_1173,acm_448,TRUE
dblp_a_1759,acm_2108,TRUE
dblp_a_2155,acm_462,TRUE
dblp_a_2381,acm_212,TRUE
dblp_a_915,acm_482,TRUE
dblp_a_1539,acm_2193,TRUE
dblp_a_1015,acm_1601,TRUE
dblp_a_136,acm_550,TRUE
dblp_a_2084,acm_1619,TRUE
dblp_a_509,acm_403,TRUE
dblp_a_208,acm_1018,TRUE
dblp_a_829,acm_1001,TRUE
dblp_a_2556,acm_1657,TRUE
dblp_a_2190,acm_868,TRUE
dblp_a_1365,acm_1873,TRUE
dblp_a_335,acm_202,TRUE
dblp_a_195,acm_888,TRUE
dblp_a_1798,acm_2182,TRUE
dblp_a_1503,acm_1967,TRUE
dblp_a_1177,acm_1292,TRUE
dblp_a_1593,acm_2021,TRUE
dblp_a_647,acm_1767,TRUE
dblp_a_1437,acm_721,TRUE
dblp_a_1395,acm_1632,TRUE
dblp_a_2348,acm_1636,TRUE
dblp_a_2393,acm_1690,TRUE
dblp_a_78,acm_1667,TRUE
dblp_a_1578,acm_2001,TRUE
dblp_a_2246,acm_1108,TRUE
dblp_a_989,acm_1809,TRUE
dblp_a_1346,acm_1918,TRUE
dblp_a_434,acm_675,TRUE
dblp_a_127,acm_34,TRUE
dblp_a_1208,acm_275,TRUE
dblp_a_2350,acm_253,TRUE
dblp_a_1797,acm_690,TRUE
dblp_a_1672,acm_122,TRUE
dblp_a_1854,acm_992,TRUE
dblp_a_1521,acm_1398,TRUE
dblp_a_644,acm_591,TRUE
dblp_a_1294,acm_1134,TRUE
dblp_a_869,acm_734,TRUE
dblp_a_1315,acm_244,TRUE
dblp_a_371,acm_1863,TRUE
dblp_a_364,acm_1268,TRUE
dblp_a_134,acm_699,TRUE
dblp_a_818,acm_1519,TRUE
dblp_a_2025,acm_1242,TRUE
dblp_a_2317,acm_2061,TRUE
dblp_a_988,acm_949,TRUE
dblp_a_2138,acm_2111,TRUE
dblp_a_231,acm_1397,TRUE
dblp_a_1179,acm_1562,TRUE
dblp_a_1820,acm_1653,TRUE
dblp_a_1623,acm_1275,TRUE
dblp_a_2371,acm_343,TRUE
dblp_a_427,acm_902,TRUE
dblp_a_1545,acm_1888,TRUE
dblp_a_2116,acm_900,TRUE
dblp_a_922,acm_1316,TRUE
dblp_a_503,acm_1339,TRUE
dblp_a_2154,acm_1162,TRUE
dblp_a_1238,acm_731,TRUE
dblp_a_100,acm_1058,TRUE
dblp_a_676,acm_1936,TRUE
dblp_a_1555,acm_947,TRUE
dblp_a_1645,acm_564,TRUE
dblp_a_632,acm_200,TRUE
dblp_a_933,acm_1883,TRUE
dblp_a_2074,acm_578,TRUE
dblp_a_1568,acm_1587,TRUE
dblp_a_1247,acm_1458,TRUE
dblp_a_1357,acm_1950,TRUE
dblp_a_1695,acm_21,TRUE
dblp_a_1141,acm_149,TRUE
dblp_a_273,acm_2285,TRUE
dblp_a_1256,acm_1357,TRUE
dblp_a_2431,acm_1916,TRUE
dblp_a_286,acm_548,TRUE
dblp_a_2128,acm_2016,TRUE
dblp_a_705,acm_513,TRUE
dblp_a_786,acm_720,TRUE
dblp_a_569,acm_130,TRUE
dblp_a_2524,acm_1542,TRUE
dblp_a_622,acm_15,TRUE
dblp_a_510,acm_2097,TRUE
dblp_a_138,acm_111,TRUE
dblp_a_1344,acm_792,TRUE
dblp_a_1347,acm_952,TRUE
dblp_a_2089,acm_934,TRUE
dblp_a_1217,acm_1340,TRUE
dblp_a_2092,acm_2054,TRUE
dblp_a_2452,acm_1511,TRUE
dblp_a_794,acm_68,TRUE
dblp_a_1184,acm_25,TRUE
dblp_a_1100,acm_2153,TRUE
dblp_a_2259,acm_67,TRUE
dblp_a_1086,acm_917,TRUE
dblp_a_308,acm_297,TRUE
dblp_a_356,acm_1052,TRUE
dblp_a_2297,acm_829,TRUE
dblp_a_1496,acm_1829,TRUE
dblp_a_1552,acm_2075,TRUE
dblp_a_1118,acm_1205,TRUE
dblp_a_2486,acm_171,TRUE
dblp_a_1043,acm_1951,TRUE
dblp_a_2573,acm_1847,TRUE
dblp_a_1842,acm_1293,TRUE
dblp_a_507,acm_932,TRUE
dblp_a_506,acm_1378,TRUE
dblp_a_2438,acm_1602,TRUE
dblp_a_841,acm_1517,TRUE
dblp_a_488,acm_2062,TRUE
dblp_a_1530,acm_306,TRUE
dblp_a_265,acm_1661,TRUE
dblp_a_1278,acm_688,TRUE
dblp_a_1764,acm_1429,TRUE
dblp_a_1039,acm_568,TRUE
dblp_a_2286,acm_1359,TRUE
dblp_a_2252,acm_1247,TRUE
dblp_a_685,acm_1876,TRUE
dblp_a_2188,acm_768,TRUE
dblp_a_191,acm_183,TRUE
dblp_a_1147,acm_819,TRUE
dblp_a_965,acm_1861,TRUE
dblp_a_1403,acm_567,TRUE
dblp_a_2302,acm_346,TRUE
dblp_a_1410,acm_1210,TRUE
dblp_a_2158,acm_1518,TRUE
dblp_a_1010,acm_1890,TRUE
dblp_a_2354,acm_704,TRUE
dblp_a_1775,acm_870,TRUE
dblp_a_940,acm_1201,TRUE
dblp_a_868,acm_2029,TRUE
dblp_a_2421,acm_373,TRUE
dblp_a_1722,acm_1599,TRUE
dblp_a_2553,acm_1023,TRUE
dblp_a_2440,acm_1126,TRUE
dblp_a_2602,acm_1565,TRUE
dblp_a_1556,acm_2214,TRUE
dblp_a_2283,acm_1688,TRUE
dblp_a_1871,acm_402,TRUE
dblp_a_2147,acm_1864,TRUE
dblp_a_1512,acm_1282,TRUE
dblp_a_1970,acm_1080,TRUE
dblp_a_1412,acm_1793,TRUE
dblp_a_1440,acm_1031,TRUE
dblp_a_1034,acm_1371,TRUE
dblp_a_2039,acm_681,TRUE
dblp_a_843,acm_850,TRUE
dblp_a_2033,acm_1090,TRUE
dblp_a_230,acm_192,TRUE
dblp_a_227,acm_686,TRUE
dblp_a_2195,acm_1932,TRUE
dblp_a_874,acm_1654,TRUE
dblp_a_51,acm_2200,TRUE
dblp_a_440,acm_2,TRUE
dblp_a_326,acm_294,TRUE
dblp_a_1541,acm_255,TRUE
dblp_a_1329,acm_1872,TRUE
dblp_a_190,acm_1743,TRUE
dblp_a_367,acm_1410,TRUE
dblp_a_334,acm_1333,TRUE
dblp_a_1352,acm_767,TRUE
dblp_a_776,acm_2076,TRUE
dblp_a_556,acm_711,TRUE
dblp_a_1763,acm_1499,TRUE
dblp_a_1850,acm_2225,TRUE
dblp_a_1052,acm_1693,TRUE
dblp_a_2058,acm_1399,TRUE
dblp_a_642,acm_452,TRUE
dblp_a_2464,acm_269,TRUE
dblp_a_1696,acm_380,TRUE
dblp_a_1064,acm_315,TRUE
dblp_a_2244,acm_2234,TRUE
dblp_a_1883,acm_715,TRUE
dblp_a_2382,acm_1078,TRUE
dblp_a_947,acm_2236,TRUE
dblp_a_1715,acm_959,TRUE
dblp_a_764,acm_237,TRUE
dblp_a_2095,acm_1962,TRUE
dblp_a_2221,acm_1965,TRUE
dblp_a_1143,acm_2146,TRUE
dblp_a_1135,acm_906,TRUE
dblp_a_132,acm_1660,TRUE
dblp_a_537,acm_1349,TRUE
dblp_a_1327,acm_540,TRUE
dblp_a_1624,acm_488,TRUE
dblp_a_732,acm_995,TRUE
dblp_a_620,acm_339,TRUE
dblp_a_1717,acm_110,TRUE
dblp_a_597,acm_1146,TRUE
dblp_a_574,acm_514,TRUE
dblp_a_2498,acm_1543,TRUE
dblp_a_633,acm_647,TRUE
dblp_a_43,acm_672,TRUE
dblp_a_2373,acm_1389,TRUE
dblp_a_604,acm_422,TRUE
dblp_a_1414,acm_58,TRUE
dblp_a_2305,acm_1279,TRUE
dblp_a_10,acm_2289,TRUE
dblp_a_1906,acm_1395,TRUE
dblp_a_1175,acm_355,TRUE
dblp_a_1418,acm_1720,TRUE
dblp_a_218,acm_1036,TRUE
dblp_a_1774,acm_891,TRUE
dblp_a_1744,acm_308,TRUE
dblp_a_2304,acm_123,TRUE
dblp_a_1475,acm_1416,TRUE
dblp_a_337,acm_732,TRUE
dblp_a_1743,acm_50,TRUE
dblp_a_2526,acm_1439,TRUE
dblp_a_2012,acm_375,TRUE
dblp_a_1087,acm_166,TRUE
dblp_a_1859,acm_807,TRUE
dblp_a_911,acm_1709,TRUE
dblp_a_2145,acm_935,TRUE
dblp_a_425,acm_1187,TRUE
dblp_a_332,acm_1643,TRUE
dblp_a_252,acm_971,TRUE
dblp_a_1381,acm_923,TRUE
dblp_a_1643,acm_1388,TRUE
dblp_a_2387,acm_191,TRUE
dblp_a_2118,acm_1144,TRUE
dblp_a_679,acm_1655,TRUE
dblp_a_9,acm_1885,TRUE
dblp_a_46,acm_592,TRUE
dblp_a_482,acm_2114,TRUE
dblp_a_1542,acm_1912,TRUE
dblp_a_1398,acm_1996,TRUE
dblp_a_2108,acm_1884,TRUE
dblp_a_1299,acm_2057,TRUE
dblp_a_489,acm_1928,TRUE
dblp_a_414,acm_1567,TRUE
dblp_a_1033,acm_919,TRUE
dblp_a_2073,acm_2284,TRUE
dblp_a_38,acm_2090,TRUE
dblp_a_1844,acm_605,TRUE
dblp_a_592,acm_1878,TRUE
dblp_a_900,acm_1131,TRUE
dblp_a_1,acm_1093,TRUE
dblp_a_1980,acm_1749,TRUE
dblp_a_30,acm_18,TRUE
dblp_a_1025,acm_1288,TRUE
dblp_a_1540,acm_1408,TRUE
dblp_a_0,acm_117,TRUE
dblp_a_960,acm_1098,TRUE
dblp_a_2234,acm_2168,TRUE
dblp_a_1045,acm_131,TRUE
dblp_a_728,acm_44,TRUE
dblp_a_2432,acm_805,TRUE
dblp_a_1958,acm_283,TRUE
dblp_a_1123,acm_1949,TRUE
dblp_a_1316,acm_989,TRUE
dblp_a_2005,acm_1382,TRUE
dblp_a_1295,acm_1206,TRUE
dblp_a_2056,acm_2209,TRUE
dblp_a_837,acm_1584,TRUE
dblp_a_167,acm_1670,TRUE
dblp_a_58,acm_147,TRUE
dblp_a_1085,acm_892,TRUE
dblp_a_2374,acm_234,TRUE
dblp_a_515,acm_1075,TRUE
dblp_a_1467,acm_1084,TRUE
dblp_a_1021,acm_1534,TRUE
dblp_a_2090,acm_289,TRUE
dblp_a_158,acm_1044,TRUE
dblp_a_2200,acm_946,TRUE
dblp_a_2488,acm_48,TRUE
dblp_a_155,acm_659,TRUE
dblp_a_246,acm_1497,TRUE
dblp_a_678,acm_1629,TRUE
dblp_a_1199,acm_359,TRUE
dblp_a_459,acm_1459,TRUE
dblp_a_2562,acm_497,TRUE
dblp_a_1478,acm_1457,TRUE
dblp_a_2119,acm_1032,TRUE
dblp_a_1895,acm_1350,TRUE
dblp_a_665,acm_2264,TRUE
dblp_a_603,acm_2072,TRUE
dblp_a_758,acm_137,TRUE
dblp_a_1902,acm_2231,TRUE
dblp_a_504,acm_871,TRUE
dblp_a_2479,acm_1285,TRUE
dblp_a_1889,acm_996,TRUE
dblp_a_2328,acm_1303,TRUE
dblp_a_2217,acm_1628,TRUE
dblp_a_1383,acm_394,TRUE
dblp_a_450,acm_458,TRUE
dblp_a_954,acm_884,TRUE
dblp_a_2493,acm_787,TRUE
dblp_a_698,acm_1745,TRUE
dblp_a_2554,acm_1121,TRUE
dblp_a_1997,acm_1066,TRUE
dblp_a_1188,acm_2024,TRUE
dblp_a_1815,acm_848,TRUE
dblp_a_1341,acm_2199,TRUE
dblp_a_462,acm_317,TRUE
dblp_a_1058,acm_43,TRUE
dblp_a_753,acm_1229,TRUE
dblp_a_1807,acm_1453,TRUE
dblp_a_1099,acm_1666,TRUE
dblp_a_815,acm_1145,TRUE
dblp_a_7,acm_1179,TRUE
dblp_a_1963,acm_901,TRUE
dblp_a_2408,acm_1007,TRUE
dblp_a_1252,acm_1857,TRUE
dblp_a_564,acm_897,TRUE
dblp_a_2542,acm_1212,TRUE
dblp_a_2263,acm_1140,TRUE
dblp_a_2386,acm_1548,TRUE
dblp_a_1105,acm_1900,TRUE
dblp_a_2238,acm_1502,TRUE
dblp_a_2173,acm_1889,TRUE
dblp_a_314,acm_1274,TRUE
dblp_a_435,acm_840,TRUE
dblp_a_2006,acm_89,TRUE
dblp_a_349,acm_2241,TRUE
dblp_a_105,acm_2037,TRUE
dblp_a_785,acm_1329,TRUE
dblp_a_751,acm_236,TRUE
dblp_a_1821,acm_1345,TRUE
dblp_a_1451,acm_761,TRUE
dblp_a_561,acm_1992,TRUE
dblp_a_142,acm_189,TRUE
dblp_a_1325,acm_1702,TRUE
dblp_a_2503,acm_1789,TRUE
dblp_a_806,acm_1027,TRUE
dblp_a_1954,acm_1323,TRUE
dblp_a_1891,acm_54,TRUE
dblp_a_2482,acm_387,TRUE
dblp_a_385,acm_207,TRUE
dblp_a_1926,acm_1392,TRUE
dblp_a_2192,acm_1422,TRUE
dblp_a_2571,acm_1161,TRUE
dblp_a_949,acm_274,TRUE
dblp_a_375,acm_1635,TRUE
dblp_a_183,acm_580,TRUE
dblp_a_1946,acm_2145,TRUE
dblp_a_17,acm_1808,TRUE
dblp_a_1810,acm_1069,TRUE
dblp_a_2587,acm_440,TRUE
dblp_a_1013,acm_76,TRUE
dblp_a_32,acm_944,TRUE
dblp_a_88,acm_652,TRUE
dblp_a_2132,acm_1128,TRUE
dblp_a_382,acm_2058,TRUE
dblp_a_2001,acm_786,TRUE
dblp_a_1933,acm_990,TRUE
dblp_a_2507,acm_621,TRUE
