revngo.com_7431,www.nighttours.com_164,True
revngo.com_10435,www.nighttours.com_1618,True
revngo.com_26117,www.nighttours.com_1580,True
revngo.com_12898,www.nighttours.com_1031,True
revngo.com_29183,www.nighttours.com_1825,True
revngo.com_35319,www.nighttours.com_1237,True
revngo.com_7194,www.nighttours.com_2169,True
revngo.com_34022,www.nighttours.com_1937,True
revngo.com_10398,www.nighttours.com_294,True
revngo.com_3397,www.nighttours.com_1035,True
revngo.com_6827,www.nighttours.com_1509,True
revngo.com_22465,www.nighttours.com_1559,True
revngo.com_16861,www.nighttours.com_183,True
revngo.com_1466,www.nighttours.com_872,True
revngo.com_14467,www.nighttours.com_888,True
revngo.com_29426,www.nighttours.com_1252,True
revngo.com_16588,www.nighttours.com_783,True
revngo.com_20346,www.nighttours.com_2492,True
revngo.com_35022,www.nighttours.com_1543,True
revngo.com_25164,www.nighttours.com_1286,True
revngo.com_12398,www.nighttours.com_804,True
revngo.com_4367,www.nighttours.com_1032,True
revngo.com_18521,www.nighttours.com_438,True
revngo.com_19596,www.nighttours.com_751,True
revngo.com_14230,www.nighttours.com_152,True
revngo.com_21480,www.nighttours.com_517,True
revngo.com_21254,www.nighttours.com_1322,True
revngo.com_25797,www.nighttours.com_480,True
revngo.com_13746,www.nighttours.com_241,True
revngo.com_9684,www.nighttours.com_971,True
revngo.com_5499,www.nighttours.com_91,True
revngo.com_20111,www.nighttours.com_677,True
revngo.com_25296,www.nighttours.com_482,True
revngo.com_34309,www.nighttours.com_915,True
revngo.com_11119,www.nighttours.com_934,True
revngo.com_2090,www.nighttours.com_2331,True
revngo.com_28569,www.nighttours.com_2405,True
revngo.com_22080,www.nighttours.com_832,True
revngo.com_26204,www.nighttours.com_295,True
revngo.com_12359,www.nighttours.com_556,True
revngo.com_23183,www.nighttours.com_1660,True
revngo.com_25516,www.nighttours.com_2223,True
revngo.com_35373,www.nighttours.com_175,True
revngo.com_12994,www.nighttours.com_343,True
revngo.com_24362,www.nighttours.com_1536,True
revngo.com_5029,www.nighttours.com_627,True
revngo.com_7305,www.nighttours.com_1235,True
revngo.com_34600,www.nighttours.com_1249,True
revngo.com_12081,www.nighttours.com_2452,True
revngo.com_26569,www.nighttours.com_157,True
revngo.com_18643,www.nighttours.com_643,True
revngo.com_13724,www.nighttours.com_653,True
revngo.com_40015,www.nighttours.com_484,True
revngo.com_19533,www.nighttours.com_316,True
revngo.com_33820,www.nighttours.com_319,True
revngo.com_2127,www.nighttours.com_1008,True
revngo.com_22933,www.nighttours.com_2163,True
revngo.com_13057,www.nighttours.com_1049,True
revngo.com_16112,www.nighttours.com_2228,True
revngo.com_21203,www.nighttours.com_1835,True
revngo.com_12551,www.nighttours.com_2138,True
revngo.com_26651,www.nighttours.com_963,True
revngo.com_2676,www.nighttours.com_1036,True
revngo.com_2106,www.nighttours.com_1846,True
revngo.com_16746,www.nighttours.com_752,True
revngo.com_27166,www.nighttours.com_1701,True
revngo.com_17967,www.nighttours.com_2243,True
revngo.com_40709,www.nighttours.com_816,True
revngo.com_10690,www.nighttours.com_121,True
revngo.com_31196,www.nighttours.com_1348,True
revngo.com_11728,www.nighttours.com_845,True
revngo.com_1586,www.nighttours.com_1232,True
revngo.com_27336,www.nighttours.com_1158,True
revngo.com_12084,www.nighttours.com_1017,True
revngo.com_24723,www.nighttours.com_1915,True
revngo.com_9853,www.nighttours.com_2531,True
revngo.com_13878,www.nighttours.com_1501,True
revngo.com_20683,www.nighttours.com_1498,True
revngo.com_709,www.nighttours.com_15,True
revngo.com_26031,www.nighttours.com_952,True
revngo.com_27741,www.nighttours.com_116,True
revngo.com_2842,www.nighttours.com_258,True
revngo.com_7399,www.nighttours.com_1494,True
revngo.com_1808,www.nighttours.com_254,True
revngo.com_13992,www.nighttours.com_402,True
revngo.com_35804,www.nighttours.com_321,True
revngo.com_39977,www.nighttours.com_377,True
revngo.com_19811,www.nighttours.com_296,True
revngo.com_30607,www.nighttours.com_1261,True
revngo.com_3385,www.nighttours.com_1255,True
revngo.com_23037,www.nighttours.com_1056,True
revngo.com_29544,www.nighttours.com_127,True
revngo.com_53214,www.nighttours.com_274,True
revngo.com_34967,www.nighttours.com_1626,True
revngo.com_15914,www.nighttours.com_1957,True
revngo.com_1301,www.nighttours.com_1422,True
revngo.com_75021,www.nighttours.com_358,True
revngo.com_23352,www.nighttours.com_2121,True
revngo.com_1306,www.nighttours.com_1022,True
revngo.com_31218,www.nighttours.com_1259,True
revngo.com_32972,www.nighttours.com_989,True
revngo.com_28098,www.nighttours.com_1257,True
revngo.com_19788,www.nighttours.com_16,True
revngo.com_16248,www.nighttours.com_1523,True
revngo.com_22396,www.nighttours.com_964,True
revngo.com_15508,www.nighttours.com_2462,True
revngo.com_20072,www.nighttours.com_1732,True
revngo.com_37222,www.nighttours.com_1731,True
revngo.com_585,www.nighttours.com_21,True
revngo.com_1421,www.nighttours.com_1959,True
revngo.com_8783,www.nighttours.com_2520,True
revngo.com_32056,www.nighttours.com_1529,True
revngo.com_20023,www.nighttours.com_773,True
revngo.com_4849,www.nighttours.com_333,TRUE
revngo.com_45262,www.nighttours.com_642,TRUE
revngo.com_23688,www.nighttours.com_245,TRUE
revngo.com_16986,www.nighttours.com_699,TRUE
revngo.com_47722,www.nighttours.com_2011,TRUE
revngo.com_61773,www.nighttours.com_202,TRUE
revngo.com_18987,www.nighttours.com_678,TRUE
revngo.com_40958,www.nighttours.com_2453,TRUE
revngo.com_39047,www.nighttours.com_1458,TRUE
revngo.com_20635,www.nighttours.com_596,TRUE
revngo.com_9186,www.nighttours.com_252,TRUE
revngo.com_30992,www.nighttours.com_616,TRUE
revngo.com_10499,www.nighttours.com_1477,TRUE
revngo.com_49662,www.nighttours.com_1490,TRUE
revngo.com_5600,www.nighttours.com_1517,TRUE
