dblp_b_0,scholar_10247,TRUE
dblp_b_1,scholar_63691,TRUE
dblp_b_10,scholar_16046,TRUE
dblp_b_1001,scholar_14795,TRUE
dblp_b_1002,scholar_61651,TRUE
dblp_b_1003,scholar_19954,TRUE
dblp_b_1004,scholar_33497,TRUE
dblp_b_1005,scholar_2004,TRUE
dblp_b_1006,scholar_12634,TRUE
dblp_b_1007,scholar_19062,TRUE
dblp_b_1008,scholar_35608,TRUE
dblp_b_1009,scholar_48150,TRUE
dblp_b_101,scholar_21928,TRUE
dblp_b_1010,scholar_33407,TRUE
dblp_b_1011,scholar_21272,TRUE
dblp_b_1012,scholar_41841,TRUE
dblp_b_1014,scholar_58830,TRUE
dblp_b_1015,scholar_35679,TRUE
dblp_b_1016,scholar_35988,TRUE
dblp_b_1017,scholar_8339,TRUE
dblp_b_1019,scholar_10378,TRUE
dblp_b_102,scholar_36988,TRUE
dblp_b_1020,scholar_29242,TRUE
dblp_b_1022,scholar_27594,TRUE
dblp_b_1023,scholar_13699,TRUE
dblp_b_1024,scholar_39417,TRUE
dblp_b_1025,scholar_30990,TRUE
dblp_b_1026,scholar_11638,TRUE
dblp_b_1027,scholar_18388,TRUE
dblp_b_1028,scholar_26913,TRUE
dblp_b_1029,scholar_32999,TRUE
dblp_b_103,scholar_15568,TRUE
dblp_b_1030,scholar_27870,TRUE
dblp_b_1031,scholar_24004,TRUE
dblp_b_1032,scholar_22510,TRUE
dblp_b_1033,scholar_364,TRUE
dblp_b_1034,scholar_18404,TRUE
dblp_b_1035,scholar_12975,TRUE
dblp_b_1036,scholar_12006,TRUE
dblp_b_1037,scholar_10615,TRUE
dblp_b_1038,scholar_53178,TRUE
dblp_b_1039,scholar_43371,TRUE
dblp_b_104,scholar_45850,TRUE
dblp_b_1040,scholar_45283,TRUE
dblp_b_1041,scholar_39347,TRUE
dblp_b_1042,scholar_52367,TRUE
dblp_b_1043,scholar_59623,TRUE
dblp_b_1044,scholar_34047,TRUE
dblp_b_1045,scholar_28620,TRUE
dblp_b_1046,scholar_40772,TRUE
dblp_b_1047,scholar_12270,TRUE
dblp_b_1048,scholar_16762,TRUE
dblp_b_1049,scholar_11426,TRUE
dblp_b_105,scholar_53957,TRUE
dblp_b_1050,scholar_34331,TRUE
dblp_b_1051,scholar_48254,TRUE
dblp_b_1053,scholar_46369,TRUE
dblp_b_1055,scholar_12697,TRUE
dblp_b_1056,scholar_3533,TRUE
dblp_b_1057,scholar_21049,TRUE
dblp_b_1058,scholar_30228,TRUE
dblp_b_1059,scholar_39919,TRUE
dblp_b_106,scholar_24811,TRUE
dblp_b_1060,scholar_37291,TRUE
dblp_b_1061,scholar_40718,TRUE
dblp_b_1062,scholar_44090,TRUE
dblp_b_1063,scholar_41628,TRUE
dblp_b_1064,scholar_63204,TRUE
dblp_b_1065,scholar_25396,TRUE
dblp_b_1066,scholar_21453,TRUE
dblp_b_1067,scholar_11407,TRUE
dblp_b_1068,scholar_10163,TRUE
dblp_b_1069,scholar_28206,TRUE
dblp_b_107,scholar_12268,TRUE
dblp_b_1070,scholar_22163,TRUE
dblp_b_1071,scholar_17301,TRUE
dblp_b_1072,scholar_10479,TRUE
dblp_b_1073,scholar_11028,TRUE
dblp_b_1074,scholar_47844,TRUE
dblp_b_1076,scholar_55730,TRUE
dblp_b_1077,scholar_11905,TRUE
dblp_b_1078,scholar_29155,TRUE
dblp_b_1079,scholar_55751,TRUE
dblp_b_108,scholar_23226,TRUE
dblp_b_1080,scholar_16610,TRUE
dblp_b_1081,scholar_57588,TRUE
dblp_b_1082,scholar_25283,TRUE
dblp_b_1083,scholar_7601,TRUE
dblp_b_1084,scholar_43711,TRUE
dblp_b_1085,scholar_18935,TRUE
dblp_b_1086,scholar_49300,TRUE
dblp_b_1087,scholar_39111,TRUE
dblp_b_1088,scholar_36302,TRUE
dblp_b_1089,scholar_11596,TRUE
dblp_b_1090,scholar_12732,TRUE
dblp_b_1091,scholar_57684,TRUE
dblp_b_1092,scholar_12464,TRUE
dblp_b_1093,scholar_44464,TRUE
dblp_b_1094,scholar_23141,TRUE
dblp_b_1095,scholar_25320,TRUE
dblp_b_1096,scholar_49774,TRUE
dblp_b_1097,scholar_14081,TRUE
dblp_b_1098,scholar_60270,TRUE
dblp_b_1099,scholar_46648,TRUE
dblp_b_11,scholar_46616,TRUE
dblp_b_110,scholar_36491,TRUE
dblp_b_1100,scholar_18922,TRUE
dblp_b_1101,scholar_34529,TRUE
dblp_b_1102,scholar_179,TRUE
dblp_b_1103,scholar_48586,TRUE
dblp_b_1104,scholar_44246,TRUE
dblp_b_1105,scholar_22885,TRUE
dblp_b_1106,scholar_38,TRUE
dblp_b_1107,scholar_16996,TRUE
dblp_b_1108,scholar_35778,TRUE
dblp_b_1109,scholar_20550,TRUE
dblp_b_111,scholar_29191,TRUE
dblp_b_1110,scholar_35462,TRUE
dblp_b_1111,scholar_17855,TRUE
dblp_b_1112,scholar_33222,TRUE
dblp_b_1113,scholar_23330,TRUE
dblp_b_1114,scholar_15860,TRUE
dblp_b_1115,scholar_6428,TRUE
dblp_b_1116,scholar_60118,TRUE
dblp_b_1117,scholar_11131,TRUE
dblp_b_1118,scholar_40698,TRUE
dblp_b_1119,scholar_32912,TRUE
dblp_b_112,scholar_13871,TRUE
dblp_b_1120,scholar_1050,TRUE
dblp_b_1121,scholar_20985,TRUE
dblp_b_1122,scholar_22890,TRUE
dblp_b_1123,scholar_12859,TRUE
dblp_b_1124,scholar_39107,TRUE
dblp_b_1125,scholar_13278,TRUE
dblp_b_1126,scholar_52075,TRUE
dblp_b_1127,scholar_56232,TRUE
dblp_b_1128,scholar_56652,TRUE
dblp_b_1129,scholar_12119,TRUE
dblp_b_113,scholar_16964,TRUE
dblp_b_1130,scholar_44550,TRUE
dblp_b_1131,scholar_23257,TRUE
dblp_b_1132,scholar_47433,TRUE
dblp_b_1133,scholar_13989,TRUE
dblp_b_1134,scholar_16,TRUE
dblp_b_1135,scholar_28892,TRUE
dblp_b_1136,scholar_36527,TRUE
dblp_b_1137,scholar_26916,TRUE
dblp_b_1138,scholar_15380,TRUE
dblp_b_1139,scholar_16087,TRUE
dblp_b_114,scholar_39088,TRUE
dblp_b_1140,scholar_11047,TRUE
dblp_b_1141,scholar_48725,TRUE
dblp_b_1142,scholar_1521,TRUE
dblp_b_1143,scholar_38005,TRUE
dblp_b_1144,scholar_56104,TRUE
dblp_b_1145,scholar_45693,TRUE
dblp_b_1146,scholar_15622,TRUE
dblp_b_1147,scholar_50578,TRUE
dblp_b_1148,scholar_13121,TRUE
dblp_b_1149,scholar_58874,TRUE
dblp_b_1150,scholar_59315,TRUE
dblp_b_1151,scholar_37465,TRUE
dblp_b_1152,scholar_14425,TRUE
dblp_b_1153,scholar_15468,TRUE
dblp_b_1154,scholar_18542,TRUE
dblp_b_1155,scholar_9692,TRUE
dblp_b_1156,scholar_15938,TRUE
dblp_b_1157,scholar_15238,TRUE
dblp_b_1158,scholar_31984,TRUE
dblp_b_1159,scholar_14730,TRUE
dblp_b_116,scholar_34199,TRUE
dblp_b_1160,scholar_30352,TRUE
dblp_b_1161,scholar_22454,TRUE
dblp_b_1162,scholar_14732,TRUE
dblp_b_1163,scholar_18970,TRUE
dblp_b_1164,scholar_17056,TRUE
dblp_b_1165,scholar_11001,TRUE
dblp_b_1166,scholar_1899,TRUE
dblp_b_1167,scholar_25781,TRUE
dblp_b_1168,scholar_17435,TRUE
dblp_b_117,scholar_60637,TRUE
dblp_b_1170,scholar_54383,TRUE
dblp_b_1171,scholar_13695,TRUE
dblp_b_1172,scholar_52678,TRUE
dblp_b_1173,scholar_15111,TRUE
dblp_b_1175,scholar_11925,TRUE
dblp_b_1176,scholar_17922,TRUE
dblp_b_1177,scholar_24429,TRUE
dblp_b_1178,scholar_14415,TRUE
dblp_b_1179,scholar_25913,TRUE
dblp_b_118,scholar_63910,TRUE
dblp_b_1180,scholar_10641,TRUE
dblp_b_1181,scholar_11058,TRUE
dblp_b_1182,scholar_11362,TRUE
dblp_b_1183,scholar_29470,TRUE
dblp_b_1184,scholar_36519,TRUE
dblp_b_1185,scholar_17317,TRUE
dblp_b_1187,scholar_118,TRUE
dblp_b_1188,scholar_12240,TRUE
dblp_b_1189,scholar_40839,TRUE
dblp_b_119,scholar_23195,TRUE
dblp_b_1190,scholar_28866,TRUE
dblp_b_1191,scholar_27035,TRUE
dblp_b_1192,scholar_28743,TRUE
dblp_b_1193,scholar_12452,TRUE
dblp_b_1194,scholar_44036,TRUE
dblp_b_1195,scholar_20496,TRUE
dblp_b_1196,scholar_20972,TRUE
dblp_b_1197,scholar_13170,TRUE
dblp_b_1198,scholar_45176,TRUE
dblp_b_1199,scholar_102,TRUE
dblp_b_12,scholar_27639,TRUE
dblp_b_120,scholar_45055,TRUE
dblp_b_1200,scholar_36937,TRUE
dblp_b_1201,scholar_22174,TRUE
dblp_b_1202,scholar_37426,TRUE
dblp_b_1203,scholar_37005,TRUE
dblp_b_1204,scholar_12926,TRUE
dblp_b_1205,scholar_14294,TRUE
dblp_b_1206,scholar_44759,TRUE
dblp_b_1207,scholar_13838,TRUE
dblp_b_1208,scholar_2912,TRUE
dblp_b_1209,scholar_37166,TRUE
dblp_b_121,scholar_17433,TRUE
dblp_b_1210,scholar_34190,TRUE
dblp_b_1211,scholar_36319,TRUE
dblp_b_1212,scholar_18328,TRUE
dblp_b_1213,scholar_23646,TRUE
dblp_b_1214,scholar_13187,TRUE
dblp_b_1215,scholar_15365,TRUE
dblp_b_1216,scholar_57585,TRUE
dblp_b_1217,scholar_135,TRUE
dblp_b_1218,scholar_45739,TRUE
dblp_b_1220,scholar_50848,TRUE
dblp_b_1221,scholar_20528,TRUE
dblp_b_1222,scholar_17149,TRUE
dblp_b_1223,scholar_13679,TRUE
dblp_b_1224,scholar_57499,TRUE
dblp_b_1225,scholar_12196,TRUE
dblp_b_1226,scholar_2655,TRUE
dblp_b_1227,scholar_24211,TRUE
dblp_b_1228,scholar_3244,TRUE
dblp_b_1229,scholar_11006,TRUE
dblp_b_123,scholar_13593,TRUE
dblp_b_1230,scholar_17973,TRUE
dblp_b_1231,scholar_42551,TRUE
dblp_b_1232,scholar_42869,TRUE
dblp_b_1233,scholar_23180,TRUE
dblp_b_1234,scholar_12642,TRUE
dblp_b_1235,scholar_11954,TRUE
dblp_b_1236,scholar_2413,TRUE
dblp_b_1237,scholar_15288,TRUE
dblp_b_1238,scholar_13843,TRUE
dblp_b_1239,scholar_9716,TRUE
dblp_b_124,scholar_10483,TRUE
dblp_b_1240,scholar_34514,TRUE
dblp_b_1241,scholar_4716,TRUE
dblp_b_1242,scholar_54636,TRUE
dblp_b_1243,scholar_61156,TRUE
dblp_b_1244,scholar_50731,TRUE
dblp_b_1245,scholar_41505,TRUE
dblp_b_1246,scholar_57211,TRUE
dblp_b_1247,scholar_23369,TRUE
dblp_b_1248,scholar_61491,TRUE
dblp_b_1249,scholar_8398,TRUE
dblp_b_125,scholar_16604,TRUE
dblp_b_1250,scholar_41455,TRUE
dblp_b_1252,scholar_27004,TRUE
dblp_b_1253,scholar_25522,TRUE
dblp_b_1254,scholar_13518,TRUE
dblp_b_1255,scholar_35874,TRUE
dblp_b_1256,scholar_1506,TRUE
dblp_b_1257,scholar_63304,TRUE
dblp_b_1258,scholar_59925,TRUE
dblp_b_1259,scholar_26088,TRUE
dblp_b_126,scholar_29469,TRUE
dblp_b_1260,scholar_14822,TRUE
dblp_b_1261,scholar_25504,TRUE
dblp_b_1262,scholar_40043,TRUE
dblp_b_1263,scholar_2681,TRUE
dblp_b_1264,scholar_293,TRUE
dblp_b_1265,scholar_46096,TRUE
dblp_b_1266,scholar_24524,TRUE
dblp_b_1267,scholar_16461,TRUE
dblp_b_1268,scholar_15841,TRUE
dblp_b_1269,scholar_24021,TRUE
dblp_b_127,scholar_22178,TRUE
dblp_b_1270,scholar_2616,TRUE
dblp_b_1271,scholar_29295,TRUE
dblp_b_1272,scholar_39447,TRUE
dblp_b_1273,scholar_41742,TRUE
dblp_b_1274,scholar_47805,TRUE
dblp_b_1275,scholar_25692,TRUE
dblp_b_1276,scholar_50922,TRUE
dblp_b_1277,scholar_3459,TRUE
dblp_b_1278,scholar_7574,TRUE
dblp_b_1279,scholar_20663,TRUE
dblp_b_128,scholar_24343,TRUE
dblp_b_1280,scholar_21224,TRUE
dblp_b_1281,scholar_29697,TRUE
dblp_b_1282,scholar_34040,TRUE
dblp_b_1283,scholar_26280,TRUE
dblp_b_1284,scholar_12753,TRUE
dblp_b_1287,scholar_17043,TRUE
dblp_b_1288,scholar_14999,TRUE
dblp_b_1289,scholar_38256,TRUE
dblp_b_129,scholar_29113,TRUE
dblp_b_1290,scholar_15497,TRUE
dblp_b_1291,scholar_42166,TRUE
dblp_b_1292,scholar_7528,TRUE
dblp_b_1293,scholar_50109,TRUE
dblp_b_1294,scholar_2329,TRUE
dblp_b_1295,scholar_50873,TRUE
dblp_b_1296,scholar_57954,TRUE
dblp_b_1297,scholar_25608,TRUE
dblp_b_1298,scholar_12610,TRUE
dblp_b_1299,scholar_3011,TRUE
dblp_b_13,scholar_49869,TRUE
dblp_b_130,scholar_56580,TRUE
dblp_b_1300,scholar_36476,TRUE
dblp_b_1301,scholar_43129,TRUE
dblp_b_1302,scholar_10654,TRUE
dblp_b_1304,scholar_41232,TRUE
dblp_b_1305,scholar_27582,TRUE
dblp_b_1306,scholar_33390,TRUE
dblp_b_1307,scholar_46512,TRUE
dblp_b_1308,scholar_10146,TRUE
dblp_b_1309,scholar_6673,TRUE
dblp_b_131,scholar_11758,TRUE
dblp_b_1310,scholar_50323,TRUE
dblp_b_1311,scholar_19465,TRUE
dblp_b_1312,scholar_50961,TRUE
dblp_b_1313,scholar_42336,TRUE
dblp_b_1314,scholar_32782,TRUE
dblp_b_1315,scholar_13947,TRUE
dblp_b_1316,scholar_9895,TRUE
dblp_b_1317,scholar_1907,TRUE
dblp_b_1318,scholar_18636,TRUE
dblp_b_1319,scholar_41586,TRUE
dblp_b_132,scholar_28758,TRUE
dblp_b_1320,scholar_15156,TRUE
dblp_b_1321,scholar_101,TRUE
dblp_b_1322,scholar_2617,TRUE
dblp_b_1323,scholar_15632,TRUE
dblp_b_1324,scholar_19024,TRUE
dblp_b_1325,scholar_18372,TRUE
dblp_b_1326,scholar_35793,TRUE
dblp_b_1327,scholar_26844,TRUE
dblp_b_1328,scholar_55529,TRUE
dblp_b_1329,scholar_12048,TRUE
dblp_b_133,scholar_59686,TRUE
dblp_b_1330,scholar_54210,TRUE
dblp_b_1331,scholar_15657,TRUE
dblp_b_1333,scholar_63776,TRUE
dblp_b_1334,scholar_10773,TRUE
dblp_b_1335,scholar_14213,TRUE
dblp_b_1336,scholar_14554,TRUE
dblp_b_1337,scholar_52789,TRUE
dblp_b_1338,scholar_15108,TRUE
dblp_b_1339,scholar_23193,TRUE
dblp_b_134,scholar_5114,TRUE
dblp_b_1340,scholar_41082,TRUE
dblp_b_1341,scholar_17775,TRUE
dblp_b_1342,scholar_10867,TRUE
dblp_b_1343,scholar_61970,TRUE
dblp_b_1344,scholar_63065,TRUE
dblp_b_1345,scholar_33646,TRUE
dblp_b_1346,scholar_39433,TRUE
dblp_b_1347,scholar_37631,TRUE
dblp_b_1348,scholar_17474,TRUE
dblp_b_1349,scholar_48888,TRUE
dblp_b_135,scholar_52470,TRUE
dblp_b_1350,scholar_26155,TRUE
dblp_b_1351,scholar_2058,TRUE
dblp_b_1352,scholar_30368,TRUE
dblp_b_1353,scholar_12010,TRUE
dblp_b_1354,scholar_6969,TRUE
dblp_b_1355,scholar_10606,TRUE
dblp_b_1356,scholar_10778,TRUE
dblp_b_1357,scholar_43588,TRUE
dblp_b_1358,scholar_31519,TRUE
dblp_b_1359,scholar_18976,TRUE
dblp_b_136,scholar_16083,TRUE
dblp_b_1360,scholar_11549,TRUE
dblp_b_1361,scholar_26389,TRUE
dblp_b_1362,scholar_1887,TRUE
dblp_b_1363,scholar_26840,TRUE
dblp_b_1364,scholar_3924,TRUE
dblp_b_1365,scholar_49905,TRUE
dblp_b_1366,scholar_54674,TRUE
dblp_b_1367,scholar_13063,TRUE
dblp_b_1368,scholar_1114,TRUE
dblp_b_1369,scholar_51676,TRUE
dblp_b_137,scholar_24673,TRUE
dblp_b_1370,scholar_49137,TRUE
dblp_b_1371,scholar_62485,TRUE
dblp_b_1372,scholar_22503,TRUE
dblp_b_1373,scholar_11648,TRUE
dblp_b_1374,scholar_43268,TRUE
dblp_b_1375,scholar_568,TRUE
dblp_b_1376,scholar_11385,TRUE
dblp_b_1377,scholar_43907,TRUE
dblp_b_1378,scholar_30879,TRUE
dblp_b_1379,scholar_23134,TRUE
dblp_b_138,scholar_50114,TRUE
dblp_b_1380,scholar_13037,TRUE
dblp_b_1381,scholar_44151,TRUE
dblp_b_1382,scholar_15190,TRUE
dblp_b_1383,scholar_16205,TRUE
dblp_b_1384,scholar_18609,TRUE
dblp_b_1385,scholar_36873,TRUE
dblp_b_1386,scholar_27405,TRUE
dblp_b_1387,scholar_25484,TRUE
dblp_b_1388,scholar_16234,TRUE
dblp_b_1389,scholar_17730,TRUE
dblp_b_139,scholar_41345,TRUE
dblp_b_1390,scholar_12627,TRUE
dblp_b_1391,scholar_11384,TRUE
dblp_b_1392,scholar_13515,TRUE
dblp_b_1393,scholar_23785,TRUE
dblp_b_1394,scholar_28709,TRUE
dblp_b_1395,scholar_21794,TRUE
dblp_b_1396,scholar_14910,TRUE
dblp_b_1397,scholar_13183,TRUE
dblp_b_1398,scholar_54796,TRUE
dblp_b_1399,scholar_24897,TRUE
dblp_b_140,scholar_58484,TRUE
dblp_b_1400,scholar_11331,TRUE
dblp_b_1401,scholar_37650,TRUE
dblp_b_1403,scholar_18587,TRUE
dblp_b_1404,scholar_48623,TRUE
dblp_b_1405,scholar_6260,TRUE
dblp_b_1407,scholar_24023,TRUE
dblp_b_1408,scholar_34614,TRUE
dblp_b_1409,scholar_11204,TRUE
dblp_b_141,scholar_14825,TRUE
dblp_b_1410,scholar_17345,TRUE
dblp_b_1411,scholar_32473,TRUE
dblp_b_1412,scholar_38691,TRUE
dblp_b_1413,scholar_34793,TRUE
dblp_b_1414,scholar_43503,TRUE
dblp_b_1415,scholar_36452,TRUE
dblp_b_1416,scholar_19863,TRUE
dblp_b_1417,scholar_19775,TRUE
dblp_b_1418,scholar_46318,TRUE
dblp_b_1419,scholar_1184,TRUE
dblp_b_142,scholar_372,TRUE
dblp_b_1420,scholar_12930,TRUE
dblp_b_1421,scholar_10602,TRUE
dblp_b_1422,scholar_13322,TRUE
dblp_b_1423,scholar_15350,TRUE
dblp_b_1424,scholar_14217,TRUE
dblp_b_1425,scholar_12875,TRUE
dblp_b_1426,scholar_11975,TRUE
dblp_b_1427,scholar_11359,TRUE
dblp_b_1428,scholar_51759,TRUE
dblp_b_1429,scholar_54035,TRUE
dblp_b_143,scholar_24182,TRUE
dblp_b_1430,scholar_17854,TRUE
dblp_b_1431,scholar_47643,TRUE
dblp_b_1432,scholar_23262,TRUE
dblp_b_1433,scholar_2076,TRUE
dblp_b_1434,scholar_55268,TRUE
dblp_b_1435,scholar_53218,TRUE
dblp_b_1436,scholar_16971,TRUE
dblp_b_1437,scholar_12441,TRUE
dblp_b_1438,scholar_1796,TRUE
dblp_b_1439,scholar_10458,TRUE
dblp_b_144,scholar_20704,TRUE
dblp_b_1440,scholar_33730,TRUE
dblp_b_1441,scholar_16386,TRUE
dblp_b_1442,scholar_35337,TRUE
dblp_b_1443,scholar_49977,TRUE
dblp_b_1444,scholar_43263,TRUE
dblp_b_1445,scholar_12505,TRUE
dblp_b_1446,scholar_44546,TRUE
dblp_b_1447,scholar_62583,TRUE
dblp_b_1448,scholar_12368,TRUE
dblp_b_1449,scholar_35388,TRUE
dblp_b_1450,scholar_48121,TRUE
dblp_b_1451,scholar_17799,TRUE
dblp_b_1452,scholar_41090,TRUE
dblp_b_1453,scholar_57953,TRUE
dblp_b_1454,scholar_10370,TRUE
dblp_b_1455,scholar_51337,TRUE
dblp_b_1456,scholar_19556,TRUE
dblp_b_1457,scholar_54156,TRUE
dblp_b_1458,scholar_11210,TRUE
dblp_b_1459,scholar_45724,TRUE
dblp_b_146,scholar_36351,TRUE
dblp_b_1460,scholar_16703,TRUE
dblp_b_1461,scholar_19000,TRUE
dblp_b_1462,scholar_57842,TRUE
dblp_b_1463,scholar_31661,TRUE
dblp_b_1464,scholar_19269,TRUE
dblp_b_1465,scholar_51643,TRUE
dblp_b_1466,scholar_42086,TRUE
dblp_b_1467,scholar_11537,TRUE
dblp_b_1468,scholar_34744,TRUE
dblp_b_1469,scholar_50112,TRUE
dblp_b_147,scholar_13221,TRUE
dblp_b_1470,scholar_63877,TRUE
dblp_b_1471,scholar_12302,TRUE
dblp_b_1472,scholar_61369,TRUE
dblp_b_1473,scholar_49234,TRUE
dblp_b_1474,scholar_53781,TRUE
dblp_b_1475,scholar_38337,TRUE
dblp_b_1476,scholar_7222,TRUE
dblp_b_1477,scholar_28958,TRUE
dblp_b_1478,scholar_15095,TRUE
dblp_b_1479,scholar_2187,TRUE
dblp_b_148,scholar_38562,TRUE
dblp_b_1480,scholar_17231,TRUE
dblp_b_1481,scholar_11043,TRUE
dblp_b_1482,scholar_46092,TRUE
dblp_b_1483,scholar_50642,TRUE
dblp_b_1484,scholar_12821,TRUE
dblp_b_1485,scholar_31277,TRUE
dblp_b_1486,scholar_32392,TRUE
dblp_b_1487,scholar_40895,TRUE
dblp_b_1488,scholar_1852,TRUE
dblp_b_149,scholar_60267,TRUE
dblp_b_1490,scholar_12871,TRUE
dblp_b_1491,scholar_2161,TRUE
dblp_b_1492,scholar_52152,TRUE
dblp_b_1493,scholar_14123,TRUE
dblp_b_1494,scholar_34871,TRUE
dblp_b_1495,scholar_19971,TRUE
dblp_b_1496,scholar_23476,TRUE
dblp_b_1497,scholar_52560,TRUE
dblp_b_1498,scholar_16948,TRUE
dblp_b_1499,scholar_17943,TRUE
dblp_b_15,scholar_3190,TRUE
dblp_b_150,scholar_44670,TRUE
dblp_b_1500,scholar_38615,TRUE
dblp_b_1501,scholar_34913,TRUE
dblp_b_1502,scholar_21733,TRUE
dblp_b_1503,scholar_20684,TRUE
dblp_b_1504,scholar_62677,TRUE
dblp_b_1505,scholar_59644,TRUE
dblp_b_1506,scholar_57484,TRUE
dblp_b_1507,scholar_35562,TRUE
dblp_b_1508,scholar_52556,TRUE
dblp_b_1509,scholar_24890,TRUE
dblp_b_151,scholar_33230,TRUE
dblp_b_1510,scholar_23877,TRUE
dblp_b_1511,scholar_33156,TRUE
dblp_b_1512,scholar_10635,TRUE
dblp_b_1513,scholar_38239,TRUE
dblp_b_1514,scholar_3997,TRUE
dblp_b_1515,scholar_23709,TRUE
dblp_b_1516,scholar_11847,TRUE
dblp_b_1517,scholar_60436,TRUE
dblp_b_1518,scholar_2706,TRUE
dblp_b_1519,scholar_17415,TRUE
dblp_b_1520,scholar_47068,TRUE
dblp_b_1521,scholar_18278,TRUE
dblp_b_1522,scholar_12758,TRUE
dblp_b_1523,scholar_480,TRUE
dblp_b_1524,scholar_10682,TRUE
dblp_b_1525,scholar_26333,TRUE
dblp_b_1526,scholar_28546,TRUE
dblp_b_1527,scholar_14162,TRUE
dblp_b_1528,scholar_41380,TRUE
dblp_b_1529,scholar_27863,TRUE
dblp_b_1530,scholar_23431,TRUE
dblp_b_1531,scholar_23070,TRUE
dblp_b_1532,scholar_11971,TRUE
dblp_b_1533,scholar_36969,TRUE
dblp_b_1534,scholar_11256,TRUE
dblp_b_1535,scholar_10035,TRUE
dblp_b_1536,scholar_20480,TRUE
dblp_b_1537,scholar_30748,TRUE
dblp_b_1538,scholar_41489,TRUE
dblp_b_1539,scholar_41701,TRUE
dblp_b_154,scholar_29920,TRUE
dblp_b_1540,scholar_33582,TRUE
dblp_b_1541,scholar_10645,TRUE
dblp_b_1542,scholar_18107,TRUE
dblp_b_1543,scholar_18988,TRUE
dblp_b_1544,scholar_8379,TRUE
dblp_b_1545,scholar_11166,TRUE
dblp_b_1546,scholar_13481,TRUE
dblp_b_1547,scholar_63803,TRUE
dblp_b_1548,scholar_52353,TRUE
dblp_b_1549,scholar_40093,TRUE
dblp_b_1550,scholar_30160,TRUE
dblp_b_1551,scholar_13263,TRUE
dblp_b_1552,scholar_18237,TRUE
dblp_b_1553,scholar_38493,TRUE
dblp_b_1554,scholar_26143,TRUE
dblp_b_1555,scholar_16585,TRUE
dblp_b_1556,scholar_36815,TRUE
dblp_b_1557,scholar_16390,TRUE
dblp_b_1558,scholar_14780,TRUE
dblp_b_1559,scholar_1922,TRUE
dblp_b_156,scholar_61429,TRUE
dblp_b_1560,scholar_14915,TRUE
dblp_b_1561,scholar_45266,TRUE
dblp_b_1562,scholar_28232,TRUE
dblp_b_1563,scholar_59625,TRUE
dblp_b_1564,scholar_1045,TRUE
dblp_b_1565,scholar_58156,TRUE
dblp_b_1566,scholar_60918,TRUE
dblp_b_1567,scholar_22729,TRUE
dblp_b_1568,scholar_51697,TRUE
dblp_b_157,scholar_16264,TRUE
dblp_b_1570,scholar_5698,TRUE
dblp_b_1571,scholar_18777,TRUE
dblp_b_1572,scholar_29354,TRUE
dblp_b_1573,scholar_26908,TRUE
dblp_b_1574,scholar_27843,TRUE
dblp_b_1575,scholar_9414,TRUE
dblp_b_1576,scholar_10785,TRUE
dblp_b_1577,scholar_22984,TRUE
dblp_b_1578,scholar_21476,TRUE
dblp_b_1579,scholar_54434,TRUE
dblp_b_158,scholar_50680,TRUE
dblp_b_1580,scholar_1739,TRUE
dblp_b_1581,scholar_46628,TRUE
dblp_b_1582,scholar_13943,TRUE
dblp_b_1583,scholar_55395,TRUE
dblp_b_1584,scholar_28111,TRUE
dblp_b_1585,scholar_2361,TRUE
dblp_b_1586,scholar_33525,TRUE
dblp_b_1587,scholar_21212,TRUE
dblp_b_1588,scholar_30318,TRUE
dblp_b_1589,scholar_38990,TRUE
dblp_b_1590,scholar_51528,TRUE
dblp_b_1591,scholar_40852,TRUE
dblp_b_1592,scholar_41642,TRUE
dblp_b_1593,scholar_37171,TRUE
dblp_b_1594,scholar_21786,TRUE
dblp_b_1595,scholar_29811,TRUE
dblp_b_1596,scholar_29836,TRUE
dblp_b_1597,scholar_38678,TRUE
dblp_b_1598,scholar_23490,TRUE
dblp_b_1599,scholar_50958,TRUE
dblp_b_16,scholar_32260,TRUE
dblp_b_160,scholar_28791,TRUE
dblp_b_1600,scholar_29289,TRUE
dblp_b_1601,scholar_34635,TRUE
dblp_b_1602,scholar_11924,TRUE
dblp_b_1603,scholar_26806,TRUE
dblp_b_1604,scholar_33617,TRUE
dblp_b_1605,scholar_27703,TRUE
dblp_b_1606,scholar_29525,TRUE
dblp_b_1607,scholar_58152,TRUE
dblp_b_1608,scholar_6235,TRUE
dblp_b_1609,scholar_38377,TRUE
dblp_b_161,scholar_22806,TRUE
dblp_b_1610,scholar_16511,TRUE
dblp_b_1611,scholar_31342,TRUE
dblp_b_1612,scholar_1370,TRUE
dblp_b_1613,scholar_32451,TRUE
dblp_b_1614,scholar_59692,TRUE
dblp_b_1615,scholar_49276,TRUE
dblp_b_1616,scholar_23708,TRUE
dblp_b_1617,scholar_9657,TRUE
dblp_b_1618,scholar_3272,TRUE
dblp_b_1619,scholar_13877,TRUE
dblp_b_162,scholar_9765,TRUE
dblp_b_1620,scholar_1181,TRUE
dblp_b_1621,scholar_16277,TRUE
dblp_b_1622,scholar_16547,TRUE
dblp_b_1623,scholar_41538,TRUE
dblp_b_1626,scholar_38058,TRUE
dblp_b_1627,scholar_46612,TRUE
dblp_b_1628,scholar_28756,TRUE
dblp_b_1629,scholar_31147,TRUE
dblp_b_163,scholar_12570,TRUE
dblp_b_1630,scholar_19466,TRUE
dblp_b_1631,scholar_5481,TRUE
dblp_b_1632,scholar_42226,TRUE
dblp_b_1634,scholar_33758,TRUE
dblp_b_1636,scholar_11068,TRUE
dblp_b_1638,scholar_37898,TRUE
dblp_b_1639,scholar_7206,TRUE
dblp_b_164,scholar_1800,TRUE
dblp_b_1640,scholar_23976,TRUE
dblp_b_1641,scholar_46456,TRUE
dblp_b_1642,scholar_28133,TRUE
dblp_b_1643,scholar_25741,TRUE
dblp_b_1644,scholar_19778,TRUE
dblp_b_1645,scholar_2577,TRUE
dblp_b_1646,scholar_30169,TRUE
dblp_b_1647,scholar_17391,TRUE
dblp_b_1648,scholar_50898,TRUE
dblp_b_1649,scholar_12750,TRUE
dblp_b_1650,scholar_29140,TRUE
dblp_b_1651,scholar_18695,TRUE
dblp_b_1652,scholar_35294,TRUE
dblp_b_1653,scholar_42290,TRUE
dblp_b_1654,scholar_28136,TRUE
dblp_b_1655,scholar_43293,TRUE
dblp_b_1656,scholar_45351,TRUE
dblp_b_1657,scholar_11076,TRUE
dblp_b_1658,scholar_25007,TRUE
dblp_b_1659,scholar_11170,TRUE
dblp_b_166,scholar_35047,TRUE
dblp_b_1660,scholar_35698,TRUE
dblp_b_1661,scholar_2188,TRUE
dblp_b_1662,scholar_31411,TRUE
dblp_b_1663,scholar_47064,TRUE
dblp_b_1664,scholar_11258,TRUE
dblp_b_1665,scholar_11275,TRUE
dblp_b_1667,scholar_28668,TRUE
dblp_b_1668,scholar_11605,TRUE
dblp_b_1669,scholar_46881,TRUE
dblp_b_1670,scholar_12211,TRUE
dblp_b_1671,scholar_24560,TRUE
dblp_b_1672,scholar_11173,TRUE
dblp_b_1673,scholar_1605,TRUE
dblp_b_1674,scholar_2201,TRUE
dblp_b_1675,scholar_19902,TRUE
dblp_b_1676,scholar_3153,TRUE
dblp_b_1677,scholar_27776,TRUE
dblp_b_1678,scholar_17346,TRUE
dblp_b_1679,scholar_1376,TRUE
dblp_b_168,scholar_32180,TRUE
dblp_b_1680,scholar_17038,TRUE
dblp_b_1681,scholar_17247,TRUE
dblp_b_1682,scholar_11053,TRUE
dblp_b_1684,scholar_40907,TRUE
dblp_b_1685,scholar_43141,TRUE
dblp_b_1686,scholar_17369,TRUE
dblp_b_1687,scholar_23813,TRUE
dblp_b_1688,scholar_52317,TRUE
dblp_b_1689,scholar_11046,TRUE
dblp_b_1690,scholar_15252,TRUE
dblp_b_1691,scholar_10293,TRUE
dblp_b_1692,scholar_10167,TRUE
dblp_b_1693,scholar_55945,TRUE
dblp_b_1694,scholar_20944,TRUE
dblp_b_1695,scholar_46275,TRUE
dblp_b_1696,scholar_32559,TRUE
dblp_b_1697,scholar_35418,TRUE
dblp_b_1698,scholar_28908,TRUE
dblp_b_1699,scholar_12129,TRUE
dblp_b_17,scholar_35922,TRUE
dblp_b_170,scholar_15532,TRUE
dblp_b_1700,scholar_40206,TRUE
dblp_b_1701,scholar_44224,TRUE
dblp_b_1702,scholar_28510,TRUE
dblp_b_1703,scholar_19060,TRUE
dblp_b_1704,scholar_33308,TRUE
dblp_b_1705,scholar_27283,TRUE
dblp_b_1706,scholar_22074,TRUE
dblp_b_1707,scholar_14012,TRUE
dblp_b_1708,scholar_34046,TRUE
dblp_b_1709,scholar_41718,TRUE
dblp_b_171,scholar_1241,TRUE
dblp_b_1710,scholar_53908,TRUE
dblp_b_1711,scholar_13129,TRUE
dblp_b_1712,scholar_27270,TRUE
dblp_b_1713,scholar_46144,TRUE
dblp_b_1714,scholar_19199,TRUE
dblp_b_1715,scholar_12628,TRUE
dblp_b_1716,scholar_22493,TRUE
dblp_b_1717,scholar_23654,TRUE
dblp_b_1718,scholar_19053,TRUE
dblp_b_1719,scholar_4121,TRUE
dblp_b_172,scholar_32213,TRUE
dblp_b_1720,scholar_4884,TRUE
dblp_b_1721,scholar_9046,TRUE
dblp_b_1722,scholar_11802,TRUE
dblp_b_1723,scholar_24184,TRUE
dblp_b_1724,scholar_16722,TRUE
dblp_b_1725,scholar_12346,TRUE
dblp_b_1726,scholar_22188,TRUE
dblp_b_1727,scholar_16230,TRUE
dblp_b_1728,scholar_57579,TRUE
dblp_b_1729,scholar_11850,TRUE
dblp_b_173,scholar_45439,TRUE
dblp_b_1730,scholar_40174,TRUE
dblp_b_1731,scholar_46217,TRUE
dblp_b_1732,scholar_35621,TRUE
dblp_b_1733,scholar_56705,TRUE
dblp_b_1734,scholar_2457,TRUE
dblp_b_1735,scholar_15289,TRUE
dblp_b_1736,scholar_58461,TRUE
dblp_b_1737,scholar_14136,TRUE
dblp_b_1738,scholar_27460,TRUE
dblp_b_174,scholar_32237,TRUE
dblp_b_1740,scholar_5315,TRUE
dblp_b_1741,scholar_31493,TRUE
dblp_b_1742,scholar_36645,TRUE
dblp_b_1743,scholar_32840,TRUE
dblp_b_1744,scholar_46793,TRUE
dblp_b_1745,scholar_21060,TRUE
dblp_b_1746,scholar_21028,TRUE
dblp_b_1747,scholar_10797,TRUE
dblp_b_1748,scholar_16635,TRUE
dblp_b_1749,scholar_41392,TRUE
dblp_b_175,scholar_22137,TRUE
dblp_b_1750,scholar_12964,TRUE
dblp_b_1751,scholar_33161,TRUE
dblp_b_1752,scholar_19889,TRUE
dblp_b_1753,scholar_14365,TRUE
dblp_b_1754,scholar_24271,TRUE
dblp_b_1755,scholar_1694,TRUE
dblp_b_1756,scholar_4132,TRUE
dblp_b_1757,scholar_50814,TRUE
dblp_b_1758,scholar_52335,TRUE
dblp_b_1759,scholar_483,TRUE
dblp_b_1760,scholar_10150,TRUE
dblp_b_1761,scholar_53234,TRUE
dblp_b_1762,scholar_4386,TRUE
dblp_b_1763,scholar_12739,TRUE
dblp_b_1764,scholar_10448,TRUE
dblp_b_1765,scholar_24185,TRUE
dblp_b_1766,scholar_56495,TRUE
dblp_b_1767,scholar_36751,TRUE
dblp_b_1768,scholar_11446,TRUE
dblp_b_1769,scholar_4321,TRUE
dblp_b_177,scholar_31773,TRUE
dblp_b_1770,scholar_24414,TRUE
dblp_b_1771,scholar_19885,TRUE
dblp_b_1772,scholar_13051,TRUE
dblp_b_1773,scholar_1794,TRUE
dblp_b_1774,scholar_1529,TRUE
dblp_b_1775,scholar_46066,TRUE
dblp_b_1777,scholar_37391,TRUE
dblp_b_1779,scholar_37608,TRUE
dblp_b_178,scholar_23036,TRUE
dblp_b_1780,scholar_12568,TRUE
dblp_b_1781,scholar_45168,TRUE
dblp_b_1782,scholar_12433,TRUE
dblp_b_1783,scholar_40540,TRUE
dblp_b_1784,scholar_53455,TRUE
dblp_b_1785,scholar_55794,TRUE
dblp_b_1786,scholar_256,TRUE
dblp_b_1787,scholar_7491,TRUE
dblp_b_1788,scholar_4540,TRUE
dblp_b_1789,scholar_10934,TRUE
dblp_b_179,scholar_40414,TRUE
dblp_b_1790,scholar_49828,TRUE
dblp_b_1791,scholar_58498,TRUE
dblp_b_1792,scholar_13262,TRUE
dblp_b_1793,scholar_27387,TRUE
dblp_b_1794,scholar_22136,TRUE
dblp_b_1795,scholar_38355,TRUE
dblp_b_1796,scholar_55719,TRUE
dblp_b_1797,scholar_47120,TRUE
dblp_b_1798,scholar_20350,TRUE
dblp_b_1799,scholar_21092,TRUE
dblp_b_18,scholar_28404,TRUE
dblp_b_180,scholar_1692,TRUE
dblp_b_1800,scholar_63998,TRUE
dblp_b_1801,scholar_45909,TRUE
dblp_b_1802,scholar_28547,TRUE
dblp_b_1803,scholar_21365,TRUE
dblp_b_1804,scholar_17096,TRUE
dblp_b_1805,scholar_22048,TRUE
dblp_b_1806,scholar_36293,TRUE
dblp_b_1807,scholar_24084,TRUE
dblp_b_1808,scholar_39394,TRUE
dblp_b_1809,scholar_1237,TRUE
dblp_b_181,scholar_63305,TRUE
dblp_b_1810,scholar_53399,TRUE
dblp_b_1811,scholar_1033,TRUE
dblp_b_1812,scholar_35580,TRUE
dblp_b_1813,scholar_15125,TRUE
dblp_b_1814,scholar_43198,TRUE
dblp_b_1815,scholar_10125,TRUE
dblp_b_1816,scholar_4146,TRUE
dblp_b_1817,scholar_27315,TRUE
dblp_b_1818,scholar_50298,TRUE
dblp_b_1819,scholar_53890,TRUE
dblp_b_182,scholar_37919,TRUE
dblp_b_1820,scholar_55680,TRUE
dblp_b_1821,scholar_53275,TRUE
dblp_b_1822,scholar_43516,TRUE
dblp_b_1823,scholar_24291,TRUE
dblp_b_1824,scholar_17031,TRUE
dblp_b_1825,scholar_20916,TRUE
dblp_b_1826,scholar_11574,TRUE
dblp_b_1828,scholar_10586,TRUE
dblp_b_1829,scholar_11839,TRUE
dblp_b_183,scholar_60499,TRUE
dblp_b_1830,scholar_25298,TRUE
dblp_b_1831,scholar_44066,TRUE
dblp_b_1832,scholar_144,TRUE
dblp_b_1833,scholar_4155,TRUE
dblp_b_1834,scholar_11444,TRUE
dblp_b_1835,scholar_40747,TRUE
dblp_b_1836,scholar_1195,TRUE
dblp_b_1837,scholar_18734,TRUE
dblp_b_1838,scholar_45371,TRUE
dblp_b_184,scholar_26884,TRUE
dblp_b_1840,scholar_53104,TRUE
dblp_b_1842,scholar_7560,TRUE
dblp_b_1843,scholar_4585,TRUE
dblp_b_1844,scholar_62846,TRUE
dblp_b_1845,scholar_682,TRUE
dblp_b_1846,scholar_10387,TRUE
dblp_b_1847,scholar_60168,TRUE
dblp_b_1848,scholar_52886,TRUE
dblp_b_1849,scholar_14321,TRUE
dblp_b_185,scholar_50977,TRUE
dblp_b_1850,scholar_43054,TRUE
dblp_b_1851,scholar_29044,TRUE
dblp_b_1852,scholar_28867,TRUE
dblp_b_1853,scholar_17524,TRUE
dblp_b_1854,scholar_59187,TRUE
dblp_b_1855,scholar_43854,TRUE
dblp_b_1856,scholar_35883,TRUE
dblp_b_1857,scholar_17744,TRUE
dblp_b_1858,scholar_63751,TRUE
dblp_b_1859,scholar_49284,TRUE
dblp_b_1860,scholar_2875,TRUE
dblp_b_1861,scholar_64163,TRUE
dblp_b_1863,scholar_1621,TRUE
dblp_b_1865,scholar_12319,TRUE
dblp_b_1867,scholar_32430,TRUE
dblp_b_1868,scholar_1470,TRUE
dblp_b_187,scholar_45743,TRUE
dblp_b_1871,scholar_14016,TRUE
dblp_b_1872,scholar_54481,TRUE
dblp_b_1873,scholar_10124,TRUE
dblp_b_1874,scholar_22516,TRUE
dblp_b_1875,scholar_55173,TRUE
dblp_b_1876,scholar_27116,TRUE
dblp_b_1877,scholar_38815,TRUE
dblp_b_1878,scholar_46457,TRUE
dblp_b_1879,scholar_38911,TRUE
dblp_b_188,scholar_19241,TRUE
dblp_b_1880,scholar_30233,TRUE
dblp_b_1881,scholar_11336,TRUE
dblp_b_1882,scholar_8112,TRUE
dblp_b_1883,scholar_19441,TRUE
dblp_b_1884,scholar_46805,TRUE
dblp_b_1885,scholar_20292,TRUE
dblp_b_1886,scholar_63247,TRUE
dblp_b_1887,scholar_32077,TRUE
dblp_b_1888,scholar_33692,TRUE
dblp_b_1889,scholar_1018,TRUE
dblp_b_1890,scholar_34389,TRUE
dblp_b_1891,scholar_34941,TRUE
dblp_b_1892,scholar_46250,TRUE
dblp_b_1894,scholar_33661,TRUE
dblp_b_1896,scholar_12683,TRUE
dblp_b_1897,scholar_52336,TRUE
dblp_b_1898,scholar_41773,TRUE
dblp_b_1899,scholar_20733,TRUE
dblp_b_19,scholar_11264,TRUE
dblp_b_190,scholar_17458,TRUE
dblp_b_1901,scholar_10507,TRUE
dblp_b_1902,scholar_26045,TRUE
dblp_b_1903,scholar_16068,TRUE
dblp_b_1904,scholar_38863,TRUE
dblp_b_1905,scholar_16799,TRUE
dblp_b_1906,scholar_40385,TRUE
dblp_b_1907,scholar_58938,TRUE
dblp_b_1908,scholar_45269,TRUE
dblp_b_1909,scholar_11956,TRUE
dblp_b_191,scholar_40936,TRUE
dblp_b_1910,scholar_49744,TRUE
dblp_b_1911,scholar_53278,TRUE
dblp_b_1912,scholar_22010,TRUE
dblp_b_1913,scholar_12036,TRUE
dblp_b_1915,scholar_21460,TRUE
dblp_b_1916,scholar_27784,TRUE
dblp_b_1917,scholar_13602,TRUE
dblp_b_1918,scholar_17229,TRUE
dblp_b_1919,scholar_1052,TRUE
dblp_b_192,scholar_13744,TRUE
dblp_b_1920,scholar_38545,TRUE
dblp_b_1921,scholar_2179,TRUE
dblp_b_1923,scholar_13622,TRUE
dblp_b_1924,scholar_48805,TRUE
dblp_b_1926,scholar_51702,TRUE
dblp_b_1928,scholar_60167,TRUE
dblp_b_1929,scholar_30149,TRUE
dblp_b_193,scholar_26609,TRUE
dblp_b_1930,scholar_46568,TRUE
dblp_b_1932,scholar_29274,TRUE
dblp_b_1933,scholar_56025,TRUE
dblp_b_1936,scholar_10632,TRUE
dblp_b_1937,scholar_21237,TRUE
dblp_b_1938,scholar_26578,TRUE
dblp_b_1939,scholar_39708,TRUE
dblp_b_1940,scholar_29335,TRUE
dblp_b_1941,scholar_19345,TRUE
dblp_b_1942,scholar_63573,TRUE
dblp_b_1943,scholar_31572,TRUE
dblp_b_1944,scholar_1750,TRUE
dblp_b_1946,scholar_60354,TRUE
dblp_b_1947,scholar_10333,TRUE
dblp_b_1948,scholar_33463,TRUE
dblp_b_1949,scholar_34166,TRUE
dblp_b_195,scholar_18730,TRUE
dblp_b_1950,scholar_48485,TRUE
dblp_b_1951,scholar_58099,TRUE
dblp_b_1953,scholar_13790,TRUE
dblp_b_1954,scholar_18667,TRUE
dblp_b_1956,scholar_52531,TRUE
dblp_b_1957,scholar_45096,TRUE
dblp_b_1959,scholar_29124,TRUE
dblp_b_196,scholar_46744,TRUE
dblp_b_1960,scholar_13974,TRUE
dblp_b_1961,scholar_63519,TRUE
dblp_b_1962,scholar_31327,TRUE
dblp_b_1963,scholar_15382,TRUE
dblp_b_1964,scholar_56281,TRUE
dblp_b_1965,scholar_9267,TRUE
dblp_b_1966,scholar_10784,TRUE
dblp_b_1967,scholar_37605,TRUE
dblp_b_1968,scholar_41358,TRUE
dblp_b_1969,scholar_39822,TRUE
dblp_b_197,scholar_55673,TRUE
dblp_b_1970,scholar_29564,TRUE
dblp_b_1971,scholar_19201,TRUE
dblp_b_1972,scholar_41389,TRUE
dblp_b_1973,scholar_11856,TRUE
dblp_b_1974,scholar_30440,TRUE
dblp_b_1975,scholar_17397,TRUE
dblp_b_1977,scholar_16923,TRUE
dblp_b_1978,scholar_1322,TRUE
dblp_b_1979,scholar_47720,TRUE
dblp_b_198,scholar_44003,TRUE
dblp_b_1980,scholar_37320,TRUE
dblp_b_1981,scholar_18476,TRUE
dblp_b_1982,scholar_10337,TRUE
dblp_b_1983,scholar_37103,TRUE
dblp_b_1984,scholar_48841,TRUE
dblp_b_1985,scholar_41766,TRUE
dblp_b_1986,scholar_468,TRUE
dblp_b_1987,scholar_24344,TRUE
dblp_b_1988,scholar_12072,TRUE
dblp_b_199,scholar_48998,TRUE
dblp_b_1990,scholar_10007,TRUE
dblp_b_1992,scholar_62382,TRUE
dblp_b_1993,scholar_44280,TRUE
dblp_b_1994,scholar_56835,TRUE
dblp_b_1995,scholar_13,TRUE
dblp_b_1996,scholar_13191,TRUE
dblp_b_1997,scholar_25523,TRUE
dblp_b_1998,scholar_25579,TRUE
dblp_b_1999,scholar_44980,TRUE
dblp_b_2,scholar_21187,TRUE
dblp_b_20,scholar_14220,TRUE
dblp_b_200,scholar_46954,TRUE
dblp_b_2000,scholar_40641,TRUE
dblp_b_2001,scholar_48578,TRUE
dblp_b_2002,scholar_10796,TRUE
dblp_b_2003,scholar_52989,TRUE
dblp_b_2004,scholar_4107,TRUE
dblp_b_2005,scholar_27470,TRUE
dblp_b_2006,scholar_60624,TRUE
dblp_b_2007,scholar_41632,TRUE
dblp_b_2008,scholar_13741,TRUE
dblp_b_2009,scholar_56709,TRUE
dblp_b_201,scholar_5335,TRUE
dblp_b_2010,scholar_23315,TRUE
dblp_b_2011,scholar_664,TRUE
dblp_b_2012,scholar_36713,TRUE
dblp_b_2013,scholar_41711,TRUE
dblp_b_2014,scholar_53996,TRUE
dblp_b_2015,scholar_40508,TRUE
dblp_b_2016,scholar_41230,TRUE
dblp_b_2017,scholar_46025,TRUE
dblp_b_2018,scholar_32047,TRUE
dblp_b_2019,scholar_38221,TRUE
dblp_b_202,scholar_6703,TRUE
dblp_b_2020,scholar_4798,TRUE
dblp_b_2021,scholar_23137,TRUE
dblp_b_2022,scholar_18326,TRUE
dblp_b_2023,scholar_22068,TRUE
dblp_b_2024,scholar_48590,TRUE
dblp_b_2025,scholar_14305,TRUE
dblp_b_2026,scholar_56581,TRUE
dblp_b_2027,scholar_9859,TRUE
dblp_b_2028,scholar_23440,TRUE
dblp_b_2029,scholar_17066,TRUE
dblp_b_203,scholar_12466,TRUE
dblp_b_2030,scholar_18418,TRUE
dblp_b_2031,scholar_41575,TRUE
dblp_b_2032,scholar_29658,TRUE
dblp_b_2033,scholar_2081,TRUE
dblp_b_2034,scholar_10258,TRUE
dblp_b_2036,scholar_62112,TRUE
dblp_b_2037,scholar_31181,TRUE
dblp_b_2038,scholar_42837,TRUE
dblp_b_2039,scholar_18616,TRUE
dblp_b_204,scholar_8178,TRUE
dblp_b_2040,scholar_25210,TRUE
dblp_b_2041,scholar_13332,TRUE
dblp_b_2042,scholar_10708,TRUE
dblp_b_2043,scholar_55421,TRUE
dblp_b_2045,scholar_55313,TRUE
dblp_b_2046,scholar_7071,TRUE
dblp_b_2047,scholar_5536,TRUE
dblp_b_2048,scholar_31299,TRUE
dblp_b_2049,scholar_40394,TRUE
dblp_b_2050,scholar_18987,TRUE
dblp_b_2051,scholar_47504,TRUE
dblp_b_2052,scholar_11268,TRUE
dblp_b_2053,scholar_2517,TRUE
dblp_b_2054,scholar_17170,TRUE
dblp_b_2055,scholar_51699,TRUE
dblp_b_2056,scholar_61069,TRUE
dblp_b_2057,scholar_39280,TRUE
dblp_b_2058,scholar_31220,TRUE
dblp_b_2059,scholar_33890,TRUE
dblp_b_206,scholar_17683,TRUE
dblp_b_2060,scholar_37987,TRUE
dblp_b_2061,scholar_42308,TRUE
dblp_b_2062,scholar_17947,TRUE
dblp_b_2063,scholar_21862,TRUE
dblp_b_2064,scholar_41163,TRUE
dblp_b_2065,scholar_24961,TRUE
dblp_b_2066,scholar_53395,TRUE
dblp_b_2067,scholar_34306,TRUE
dblp_b_2068,scholar_52438,TRUE
dblp_b_2069,scholar_58239,TRUE
dblp_b_207,scholar_6853,TRUE
dblp_b_2070,scholar_13873,TRUE
dblp_b_2071,scholar_42070,TRUE
dblp_b_2072,scholar_34382,TRUE
dblp_b_2073,scholar_14374,TRUE
dblp_b_2074,scholar_59850,TRUE
dblp_b_2075,scholar_50014,TRUE
dblp_b_2076,scholar_50835,TRUE
dblp_b_2077,scholar_11608,TRUE
dblp_b_2078,scholar_543,TRUE
dblp_b_2079,scholar_5386,TRUE
dblp_b_208,scholar_20043,TRUE
dblp_b_2080,scholar_24519,TRUE
dblp_b_2081,scholar_37204,TRUE
dblp_b_2082,scholar_50313,TRUE
dblp_b_2083,scholar_49417,TRUE
dblp_b_2084,scholar_12366,TRUE
dblp_b_2085,scholar_5221,TRUE
dblp_b_2086,scholar_29605,TRUE
dblp_b_2087,scholar_44956,TRUE
dblp_b_2088,scholar_62478,TRUE
dblp_b_2089,scholar_59363,TRUE
dblp_b_209,scholar_35962,TRUE
dblp_b_2090,scholar_40988,TRUE
dblp_b_2091,scholar_35990,TRUE
dblp_b_2092,scholar_13143,TRUE
dblp_b_2093,scholar_7698,TRUE
dblp_b_2094,scholar_53637,TRUE
dblp_b_2095,scholar_50207,TRUE
dblp_b_2096,scholar_40797,TRUE
dblp_b_2097,scholar_47431,TRUE
dblp_b_2098,scholar_20236,TRUE
dblp_b_2099,scholar_30372,TRUE
dblp_b_21,scholar_38975,TRUE
dblp_b_210,scholar_33696,TRUE
dblp_b_2100,scholar_16522,TRUE
dblp_b_2101,scholar_26860,TRUE
dblp_b_2102,scholar_720,TRUE
dblp_b_2103,scholar_40275,TRUE
dblp_b_2104,scholar_14219,TRUE
dblp_b_2105,scholar_7265,TRUE
dblp_b_2106,scholar_51307,TRUE
dblp_b_2107,scholar_10139,TRUE
dblp_b_2108,scholar_15425,TRUE
dblp_b_2109,scholar_21949,TRUE
dblp_b_211,scholar_39931,TRUE
dblp_b_2110,scholar_27273,TRUE
dblp_b_2111,scholar_27532,TRUE
dblp_b_2113,scholar_16129,TRUE
dblp_b_2114,scholar_640,TRUE
dblp_b_2115,scholar_26796,TRUE
dblp_b_2116,scholar_36174,TRUE
dblp_b_2117,scholar_63233,TRUE
dblp_b_2118,scholar_20385,TRUE
dblp_b_2119,scholar_36218,TRUE
dblp_b_212,scholar_202,TRUE
dblp_b_2121,scholar_16718,TRUE
dblp_b_2122,scholar_12894,TRUE
dblp_b_2123,scholar_15377,TRUE
dblp_b_2124,scholar_14379,TRUE
dblp_b_2125,scholar_19081,TRUE
dblp_b_2126,scholar_35665,TRUE
dblp_b_2127,scholar_3148,TRUE
dblp_b_2128,scholar_63486,TRUE
dblp_b_2129,scholar_60606,TRUE
dblp_b_213,scholar_11090,TRUE
dblp_b_2130,scholar_6665,TRUE
dblp_b_2131,scholar_16902,TRUE
dblp_b_2132,scholar_26538,TRUE
dblp_b_2133,scholar_35696,TRUE
dblp_b_2134,scholar_44136,TRUE
dblp_b_2135,scholar_56521,TRUE
dblp_b_2136,scholar_33797,TRUE
dblp_b_2138,scholar_42143,TRUE
dblp_b_2139,scholar_31209,TRUE
dblp_b_214,scholar_61497,TRUE
dblp_b_2140,scholar_23907,TRUE
dblp_b_2141,scholar_11515,TRUE
dblp_b_2142,scholar_28434,TRUE
dblp_b_2143,scholar_32685,TRUE
dblp_b_2144,scholar_13815,TRUE
dblp_b_2145,scholar_61597,TRUE
dblp_b_2146,scholar_19626,TRUE
dblp_b_2147,scholar_10194,TRUE
dblp_b_2149,scholar_49672,TRUE
dblp_b_2150,scholar_63119,TRUE
dblp_b_2151,scholar_46306,TRUE
dblp_b_2152,scholar_53314,TRUE
dblp_b_2153,scholar_10998,TRUE
dblp_b_2154,scholar_42500,TRUE
dblp_b_2155,scholar_31430,TRUE
dblp_b_2159,scholar_41288,TRUE
dblp_b_216,scholar_14534,TRUE
dblp_b_2160,scholar_53480,TRUE
dblp_b_2161,scholar_30940,TRUE
dblp_b_2162,scholar_31093,TRUE
dblp_b_2163,scholar_33975,TRUE
dblp_b_2164,scholar_42129,TRUE
dblp_b_2165,scholar_45789,TRUE
dblp_b_2166,scholar_25417,TRUE
dblp_b_2167,scholar_24776,TRUE
dblp_b_2168,scholar_10690,TRUE
dblp_b_2169,scholar_45289,TRUE
dblp_b_217,scholar_61579,TRUE
dblp_b_2171,scholar_25335,TRUE
dblp_b_2174,scholar_14995,TRUE
dblp_b_2175,scholar_49620,TRUE
dblp_b_2176,scholar_4633,TRUE
dblp_b_2177,scholar_28067,TRUE
dblp_b_2178,scholar_20642,TRUE
dblp_b_2179,scholar_46688,TRUE
dblp_b_218,scholar_9658,TRUE
dblp_b_2180,scholar_34207,TRUE
dblp_b_2181,scholar_16909,TRUE
dblp_b_2182,scholar_3289,TRUE
dblp_b_2183,scholar_35571,TRUE
dblp_b_2184,scholar_59998,TRUE
dblp_b_2185,scholar_20657,TRUE
dblp_b_2186,scholar_11257,TRUE
dblp_b_2187,scholar_28005,TRUE
dblp_b_2188,scholar_13754,TRUE
dblp_b_2189,scholar_11597,TRUE
dblp_b_2190,scholar_12603,TRUE
dblp_b_2191,scholar_9091,TRUE
dblp_b_2193,scholar_11081,TRUE
dblp_b_2194,scholar_21128,TRUE
dblp_b_2195,scholar_17701,TRUE
dblp_b_2198,scholar_37168,TRUE
dblp_b_2199,scholar_35169,TRUE
dblp_b_22,scholar_36546,TRUE
dblp_b_2200,scholar_35543,TRUE
dblp_b_2201,scholar_38349,TRUE
dblp_b_2202,scholar_22255,TRUE
dblp_b_2203,scholar_58524,TRUE
dblp_b_2204,scholar_25042,TRUE
dblp_b_2205,scholar_54974,TRUE
dblp_b_2206,scholar_38030,TRUE
dblp_b_2207,scholar_40341,TRUE
dblp_b_2208,scholar_16366,TRUE
dblp_b_2209,scholar_45772,TRUE
dblp_b_221,scholar_1129,TRUE
dblp_b_2210,scholar_14456,TRUE
dblp_b_2211,scholar_180,TRUE
dblp_b_2212,scholar_18910,TRUE
dblp_b_2213,scholar_22536,TRUE
dblp_b_2214,scholar_1563,TRUE
dblp_b_2215,scholar_41974,TRUE
dblp_b_2216,scholar_28828,TRUE
dblp_b_2217,scholar_36862,TRUE
dblp_b_2218,scholar_14364,TRUE
dblp_b_2219,scholar_22006,TRUE
dblp_b_2220,scholar_50432,TRUE
dblp_b_2221,scholar_60908,TRUE
dblp_b_2222,scholar_12076,TRUE
dblp_b_2223,scholar_55569,TRUE
dblp_b_2224,scholar_35861,TRUE
dblp_b_2225,scholar_48857,TRUE
dblp_b_2226,scholar_10856,TRUE
dblp_b_2227,scholar_30000,TRUE
dblp_b_2228,scholar_62452,TRUE
dblp_b_2229,scholar_19182,TRUE
dblp_b_223,scholar_27368,TRUE
dblp_b_2230,scholar_44644,TRUE
dblp_b_2231,scholar_51629,TRUE
dblp_b_2232,scholar_44375,TRUE
dblp_b_2233,scholar_25173,TRUE
dblp_b_2234,scholar_42694,TRUE
dblp_b_2235,scholar_15454,TRUE
dblp_b_2236,scholar_21750,TRUE
dblp_b_2237,scholar_14232,TRUE
dblp_b_2238,scholar_58902,TRUE
dblp_b_2239,scholar_52807,TRUE
dblp_b_224,scholar_59265,TRUE
dblp_b_2240,scholar_23040,TRUE
dblp_b_2241,scholar_23981,TRUE
dblp_b_2243,scholar_18680,TRUE
dblp_b_2244,scholar_6025,TRUE
dblp_b_2245,scholar_63386,TRUE
dblp_b_2246,scholar_28530,TRUE
dblp_b_2247,scholar_34054,TRUE
dblp_b_2248,scholar_53911,TRUE
dblp_b_2249,scholar_6288,TRUE
dblp_b_225,scholar_32718,TRUE
dblp_b_2250,scholar_28761,TRUE
dblp_b_2251,scholar_37984,TRUE
dblp_b_2252,scholar_55696,TRUE
dblp_b_2253,scholar_24979,TRUE
dblp_b_2255,scholar_33858,TRUE
dblp_b_2256,scholar_22756,TRUE
dblp_b_2257,scholar_31130,TRUE
dblp_b_2258,scholar_58291,TRUE
dblp_b_2259,scholar_61480,TRUE
dblp_b_226,scholar_11556,TRUE
dblp_b_2260,scholar_34773,TRUE
dblp_b_2261,scholar_47606,TRUE
dblp_b_2262,scholar_13380,TRUE
dblp_b_2263,scholar_10617,TRUE
dblp_b_2264,scholar_26626,TRUE
dblp_b_2265,scholar_29506,TRUE
dblp_b_2266,scholar_28831,TRUE
dblp_b_2267,scholar_18319,TRUE
dblp_b_2268,scholar_15204,TRUE
dblp_b_2269,scholar_2202,TRUE
dblp_b_227,scholar_36901,TRUE
dblp_b_2270,scholar_34934,TRUE
dblp_b_2271,scholar_10769,TRUE
dblp_b_2272,scholar_52056,TRUE
dblp_b_2273,scholar_10744,TRUE
dblp_b_2274,scholar_37353,TRUE
dblp_b_2275,scholar_2186,TRUE
dblp_b_2276,scholar_10535,TRUE
dblp_b_2277,scholar_11193,TRUE
dblp_b_2278,scholar_18076,TRUE
dblp_b_2279,scholar_23749,TRUE
dblp_b_228,scholar_49923,TRUE
dblp_b_2280,scholar_28097,TRUE
dblp_b_2282,scholar_23081,TRUE
dblp_b_2284,scholar_16294,TRUE
dblp_b_2286,scholar_11963,TRUE
dblp_b_2287,scholar_14331,TRUE
dblp_b_2288,scholar_43501,TRUE
dblp_b_2289,scholar_42478,TRUE
dblp_b_229,scholar_51552,TRUE
dblp_b_2290,scholar_18400,TRUE
dblp_b_2291,scholar_46694,TRUE
dblp_b_2292,scholar_51734,TRUE
dblp_b_2293,scholar_40696,TRUE
dblp_b_2294,scholar_24728,TRUE
dblp_b_2295,scholar_33577,TRUE
dblp_b_2296,scholar_64252,TRUE
dblp_b_2297,scholar_52748,TRUE
dblp_b_2298,scholar_21599,TRUE
dblp_b_2299,scholar_42242,TRUE
dblp_b_230,scholar_18655,TRUE
dblp_b_2300,scholar_19278,TRUE
dblp_b_2301,scholar_10631,TRUE
dblp_b_2302,scholar_56630,TRUE
dblp_b_2303,scholar_15620,TRUE
dblp_b_2304,scholar_25684,TRUE
dblp_b_2305,scholar_10059,TRUE
dblp_b_2306,scholar_24599,TRUE
dblp_b_2307,scholar_32942,TRUE
dblp_b_2308,scholar_2552,TRUE
dblp_b_2309,scholar_10747,TRUE
dblp_b_231,scholar_4140,TRUE
dblp_b_2310,scholar_25211,TRUE
dblp_b_2311,scholar_30101,TRUE
dblp_b_2312,scholar_29125,TRUE
dblp_b_2313,scholar_24789,TRUE
dblp_b_2314,scholar_13937,TRUE
dblp_b_2315,scholar_36620,TRUE
dblp_b_2316,scholar_49550,TRUE
dblp_b_2317,scholar_32665,TRUE
dblp_b_2318,scholar_13064,TRUE
dblp_b_2319,scholar_39065,TRUE
dblp_b_232,scholar_14393,TRUE
dblp_b_2320,scholar_21956,TRUE
dblp_b_2321,scholar_37458,TRUE
dblp_b_2322,scholar_63336,TRUE
dblp_b_2323,scholar_58990,TRUE
dblp_b_2324,scholar_55398,TRUE
dblp_b_2325,scholar_40376,TRUE
dblp_b_2326,scholar_35843,TRUE
dblp_b_2327,scholar_18320,TRUE
dblp_b_2328,scholar_56144,TRUE
dblp_b_2329,scholar_31020,TRUE
dblp_b_233,scholar_9053,TRUE
dblp_b_2331,scholar_50522,TRUE
dblp_b_2332,scholar_14778,TRUE
dblp_b_2333,scholar_59732,TRUE
dblp_b_2334,scholar_14858,TRUE
dblp_b_2335,scholar_21491,TRUE
dblp_b_2336,scholar_31706,TRUE
dblp_b_2337,scholar_56032,TRUE
dblp_b_2338,scholar_18727,TRUE
dblp_b_2339,scholar_22852,TRUE
dblp_b_234,scholar_47739,TRUE
dblp_b_2340,scholar_2128,TRUE
dblp_b_2341,scholar_11482,TRUE
dblp_b_2343,scholar_63839,TRUE
dblp_b_2344,scholar_53752,TRUE
dblp_b_2345,scholar_56441,TRUE
dblp_b_2346,scholar_35523,TRUE
dblp_b_2347,scholar_45275,TRUE
dblp_b_2348,scholar_25910,TRUE
dblp_b_2349,scholar_17292,TRUE
dblp_b_235,scholar_51626,TRUE
dblp_b_2350,scholar_15188,TRUE
dblp_b_2351,scholar_30150,TRUE
dblp_b_2352,scholar_36184,TRUE
dblp_b_2353,scholar_55740,TRUE
dblp_b_2354,scholar_8820,TRUE
dblp_b_2355,scholar_37729,TRUE
dblp_b_2356,scholar_22097,TRUE
dblp_b_2357,scholar_44705,TRUE
dblp_b_2358,scholar_12684,TRUE
dblp_b_2359,scholar_4493,TRUE
dblp_b_236,scholar_38660,TRUE
dblp_b_2360,scholar_108,TRUE
dblp_b_2361,scholar_56541,TRUE
dblp_b_2362,scholar_12060,TRUE
dblp_b_2363,scholar_11551,TRUE
dblp_b_2364,scholar_14781,TRUE
dblp_b_2365,scholar_42325,TRUE
dblp_b_2366,scholar_20583,TRUE
dblp_b_2367,scholar_22118,TRUE
dblp_b_2368,scholar_40052,TRUE
dblp_b_2369,scholar_24983,TRUE
dblp_b_237,scholar_20458,TRUE
dblp_b_2370,scholar_26879,TRUE
dblp_b_2371,scholar_4524,TRUE
dblp_b_2372,scholar_23049,TRUE
dblp_b_2373,scholar_4821,TRUE
dblp_b_2375,scholar_2054,TRUE
dblp_b_2376,scholar_1826,TRUE
dblp_b_2377,scholar_6472,TRUE
dblp_b_2378,scholar_38980,TRUE
dblp_b_2379,scholar_17780,TRUE
dblp_b_238,scholar_40913,TRUE
dblp_b_2380,scholar_39384,TRUE
dblp_b_2381,scholar_10145,TRUE
dblp_b_2382,scholar_29765,TRUE
dblp_b_2383,scholar_13223,TRUE
dblp_b_2384,scholar_32288,TRUE
dblp_b_2386,scholar_10564,TRUE
dblp_b_2387,scholar_15157,TRUE
dblp_b_2388,scholar_24302,TRUE
dblp_b_239,scholar_52795,TRUE
dblp_b_2390,scholar_22990,TRUE
dblp_b_2391,scholar_29758,TRUE
dblp_b_2392,scholar_2414,TRUE
dblp_b_2393,scholar_25538,TRUE
dblp_b_2394,scholar_34523,TRUE
dblp_b_2395,scholar_26463,TRUE
dblp_b_2396,scholar_11036,TRUE
dblp_b_2397,scholar_20199,TRUE
dblp_b_2398,scholar_38497,TRUE
dblp_b_2399,scholar_6003,TRUE
dblp_b_24,scholar_11163,TRUE
dblp_b_240,scholar_63577,TRUE
dblp_b_2401,scholar_50885,TRUE
dblp_b_2402,scholar_61311,TRUE
dblp_b_2403,scholar_12007,TRUE
dblp_b_2405,scholar_17782,TRUE
dblp_b_2406,scholar_49781,TRUE
dblp_b_2407,scholar_46580,TRUE
dblp_b_2408,scholar_31742,TRUE
dblp_b_2409,scholar_35768,TRUE
dblp_b_241,scholar_45056,TRUE
dblp_b_2410,scholar_14934,TRUE
dblp_b_2411,scholar_13108,TRUE
dblp_b_2412,scholar_39817,TRUE
dblp_b_2413,scholar_63120,TRUE
dblp_b_2414,scholar_12455,TRUE
dblp_b_2415,scholar_33033,TRUE
dblp_b_2416,scholar_60251,TRUE
dblp_b_2417,scholar_57773,TRUE
dblp_b_2418,scholar_9846,TRUE
dblp_b_2419,scholar_52401,TRUE
dblp_b_2420,scholar_19019,TRUE
dblp_b_2421,scholar_26315,TRUE
dblp_b_2422,scholar_18275,TRUE
dblp_b_2424,scholar_21743,TRUE
dblp_b_2425,scholar_17479,TRUE
dblp_b_2426,scholar_52089,TRUE
dblp_b_2429,scholar_22625,TRUE
dblp_b_243,scholar_13102,TRUE
dblp_b_2430,scholar_1866,TRUE
dblp_b_2431,scholar_33379,TRUE
dblp_b_2432,scholar_19864,TRUE
dblp_b_2433,scholar_27822,TRUE
dblp_b_2434,scholar_28891,TRUE
dblp_b_2435,scholar_49687,TRUE
dblp_b_2436,scholar_61835,TRUE
dblp_b_2437,scholar_6958,TRUE
dblp_b_2438,scholar_1467,TRUE
dblp_b_2439,scholar_30401,TRUE
dblp_b_2440,scholar_55964,TRUE
dblp_b_2441,scholar_50751,TRUE
dblp_b_2442,scholar_21004,TRUE
dblp_b_2443,scholar_50755,TRUE
dblp_b_2444,scholar_37273,TRUE
dblp_b_2445,scholar_41457,TRUE
dblp_b_2446,scholar_18510,TRUE
dblp_b_2447,scholar_21309,TRUE
dblp_b_2448,scholar_5615,TRUE
dblp_b_2449,scholar_30020,TRUE
dblp_b_245,scholar_38218,TRUE
dblp_b_2450,scholar_56645,TRUE
dblp_b_2451,scholar_49066,TRUE
dblp_b_2453,scholar_52393,TRUE
dblp_b_2454,scholar_49584,TRUE
dblp_b_2455,scholar_52647,TRUE
dblp_b_2456,scholar_27453,TRUE
dblp_b_2458,scholar_13888,TRUE
dblp_b_2459,scholar_9402,TRUE
dblp_b_246,scholar_10560,TRUE
dblp_b_2460,scholar_16931,TRUE
dblp_b_2461,scholar_2995,TRUE
dblp_b_2463,scholar_32695,TRUE
dblp_b_2464,scholar_37102,TRUE
dblp_b_2465,scholar_50805,TRUE
dblp_b_2466,scholar_58131,TRUE
dblp_b_2467,scholar_24083,TRUE
dblp_b_2468,scholar_46429,TRUE
dblp_b_2469,scholar_35144,TRUE
dblp_b_247,scholar_25,TRUE
dblp_b_2470,scholar_63410,TRUE
dblp_b_2472,scholar_53563,TRUE
dblp_b_2473,scholar_38995,TRUE
dblp_b_2474,scholar_19592,TRUE
dblp_b_2475,scholar_7522,TRUE
dblp_b_2476,scholar_14264,TRUE
dblp_b_2477,scholar_51583,TRUE
dblp_b_2478,scholar_59778,TRUE
dblp_b_2479,scholar_30326,TRUE
dblp_b_248,scholar_5152,TRUE
dblp_b_2480,scholar_18973,TRUE
dblp_b_2482,scholar_1698,TRUE
dblp_b_2483,scholar_57739,TRUE
dblp_b_2484,scholar_22939,TRUE
dblp_b_2485,scholar_58862,TRUE
dblp_b_2486,scholar_54050,TRUE
dblp_b_2487,scholar_42356,TRUE
dblp_b_2488,scholar_14455,TRUE
dblp_b_249,scholar_13127,TRUE
dblp_b_2490,scholar_11134,TRUE
dblp_b_2491,scholar_61448,TRUE
dblp_b_2494,scholar_34781,TRUE
dblp_b_2496,scholar_49288,TRUE
dblp_b_2497,scholar_10451,TRUE
dblp_b_2499,scholar_63001,TRUE
dblp_b_25,scholar_16350,TRUE
dblp_b_250,scholar_191,TRUE
dblp_b_2500,scholar_34733,TRUE
dblp_b_2501,scholar_12710,TRUE
dblp_b_2502,scholar_21135,TRUE
dblp_b_2505,scholar_25637,TRUE
dblp_b_2506,scholar_13968,TRUE
dblp_b_2507,scholar_1001,TRUE
dblp_b_2508,scholar_34105,TRUE
dblp_b_2509,scholar_1509,TRUE
dblp_b_251,scholar_11640,TRUE
dblp_b_2511,scholar_37160,TRUE
dblp_b_2512,scholar_41374,TRUE
dblp_b_2513,scholar_35151,TRUE
dblp_b_2514,scholar_26672,TRUE
dblp_b_2515,scholar_41656,TRUE
dblp_b_2516,scholar_10017,TRUE
dblp_b_2517,scholar_19180,TRUE
dblp_b_2518,scholar_1082,TRUE
dblp_b_2519,scholar_25395,TRUE
dblp_b_2520,scholar_15100,TRUE
dblp_b_2521,scholar_24468,TRUE
dblp_b_2523,scholar_51433,TRUE
dblp_b_2524,scholar_15400,TRUE
dblp_b_2525,scholar_27048,TRUE
dblp_b_2526,scholar_42858,TRUE
dblp_b_2527,scholar_14467,TRUE
dblp_b_2528,scholar_32033,TRUE
dblp_b_2529,scholar_60188,TRUE
dblp_b_2530,scholar_13864,TRUE
dblp_b_2531,scholar_27218,TRUE
dblp_b_2534,scholar_13949,TRUE
dblp_b_2536,scholar_57073,TRUE
dblp_b_2537,scholar_49843,TRUE
dblp_b_2538,scholar_13096,TRUE
dblp_b_2539,scholar_34044,TRUE
dblp_b_254,scholar_28465,TRUE
dblp_b_2540,scholar_32585,TRUE
dblp_b_2541,scholar_22397,TRUE
dblp_b_2542,scholar_3192,TRUE
dblp_b_2543,scholar_41094,TRUE
dblp_b_2545,scholar_4718,TRUE
dblp_b_2546,scholar_50971,TRUE
dblp_b_2547,scholar_12969,TRUE
dblp_b_2548,scholar_51511,TRUE
dblp_b_2549,scholar_1151,TRUE
dblp_b_2551,scholar_48799,TRUE
dblp_b_2552,scholar_36461,TRUE
dblp_b_2553,scholar_18271,TRUE
dblp_b_2554,scholar_3558,TRUE
dblp_b_2555,scholar_48619,TRUE
dblp_b_2556,scholar_17154,TRUE
dblp_b_2557,scholar_22286,TRUE
dblp_b_2559,scholar_27362,TRUE
dblp_b_256,scholar_11663,TRUE
dblp_b_2560,scholar_2887,TRUE
dblp_b_2561,scholar_34174,TRUE
dblp_b_2563,scholar_17380,TRUE
dblp_b_2564,scholar_11693,TRUE
dblp_b_2565,scholar_54174,TRUE
dblp_b_2566,scholar_27721,TRUE
dblp_b_2568,scholar_17171,TRUE
dblp_b_257,scholar_22575,TRUE
dblp_b_2571,scholar_32736,TRUE
dblp_b_2572,scholar_33669,TRUE
dblp_b_2573,scholar_37817,TRUE
dblp_b_2574,scholar_19840,TRUE
dblp_b_2575,scholar_33075,TRUE
dblp_b_2577,scholar_21929,TRUE
dblp_b_2578,scholar_22305,TRUE
dblp_b_2579,scholar_1284,TRUE
dblp_b_258,scholar_18619,TRUE
dblp_b_2580,scholar_34641,TRUE
dblp_b_2581,scholar_11030,TRUE
dblp_b_2583,scholar_38767,TRUE
dblp_b_2584,scholar_35587,TRUE
dblp_b_2586,scholar_23661,TRUE
dblp_b_2587,scholar_8003,TRUE
dblp_b_2589,scholar_55239,TRUE
dblp_b_259,scholar_1249,TRUE
dblp_b_2590,scholar_6664,TRUE
dblp_b_2591,scholar_39604,TRUE
dblp_b_2592,scholar_45667,TRUE
dblp_b_2593,scholar_12897,TRUE
dblp_b_2594,scholar_17238,TRUE
dblp_b_2595,scholar_46834,TRUE
dblp_b_2596,scholar_17592,TRUE
dblp_b_2597,scholar_1303,TRUE
dblp_b_2598,scholar_39695,TRUE
dblp_b_26,scholar_18205,TRUE
dblp_b_260,scholar_50530,TRUE
dblp_b_2600,scholar_4303,TRUE
dblp_b_2601,scholar_18153,TRUE
dblp_b_2602,scholar_350,TRUE
dblp_b_2604,scholar_22725,TRUE
dblp_b_2605,scholar_2380,TRUE
dblp_b_2606,scholar_12390,TRUE
dblp_b_2607,scholar_35102,TRUE
dblp_b_2608,scholar_28440,TRUE
dblp_b_2609,scholar_8769,TRUE
dblp_b_261,scholar_57247,TRUE
dblp_b_2611,scholar_15730,TRUE
dblp_b_2613,scholar_29933,TRUE
dblp_b_2614,scholar_11727,TRUE
dblp_b_2615,scholar_1283,TRUE
dblp_b_262,scholar_42585,TRUE
dblp_b_263,scholar_2657,TRUE
dblp_b_264,scholar_38561,TRUE
dblp_b_265,scholar_30002,TRUE
dblp_b_266,scholar_31582,TRUE
dblp_b_268,scholar_26881,TRUE
dblp_b_269,scholar_18800,TRUE
dblp_b_27,scholar_60001,TRUE
dblp_b_271,scholar_16957,TRUE
dblp_b_272,scholar_2219,TRUE
dblp_b_273,scholar_10788,TRUE
dblp_b_274,scholar_13907,TRUE
dblp_b_275,scholar_22760,TRUE
dblp_b_276,scholar_5494,TRUE
dblp_b_277,scholar_32041,TRUE
dblp_b_279,scholar_11308,TRUE
dblp_b_28,scholar_17772,TRUE
dblp_b_281,scholar_38045,TRUE
dblp_b_282,scholar_20396,TRUE
dblp_b_283,scholar_13398,TRUE
dblp_b_285,scholar_12989,TRUE
dblp_b_286,scholar_56526,TRUE
dblp_b_287,scholar_53580,TRUE
dblp_b_289,scholar_53508,TRUE
dblp_b_29,scholar_23471,TRUE
dblp_b_290,scholar_38275,TRUE
dblp_b_291,scholar_30287,TRUE
dblp_b_292,scholar_34718,TRUE
dblp_b_293,scholar_35082,TRUE
dblp_b_294,scholar_42513,TRUE
dblp_b_296,scholar_56875,TRUE
dblp_b_297,scholar_33641,TRUE
dblp_b_298,scholar_13440,TRUE
dblp_b_299,scholar_52277,TRUE
dblp_b_30,scholar_27497,TRUE
dblp_b_300,scholar_19965,TRUE
dblp_b_301,scholar_28332,TRUE
dblp_b_302,scholar_6454,TRUE
dblp_b_304,scholar_17108,TRUE
dblp_b_305,scholar_27202,TRUE
dblp_b_306,scholar_24422,TRUE
dblp_b_307,scholar_2509,TRUE
dblp_b_308,scholar_2805,TRUE
dblp_b_309,scholar_17077,TRUE
dblp_b_31,scholar_28931,TRUE
dblp_b_310,scholar_30308,TRUE
dblp_b_311,scholar_21298,TRUE
dblp_b_312,scholar_16017,TRUE
dblp_b_314,scholar_38076,TRUE
dblp_b_315,scholar_37441,TRUE
dblp_b_317,scholar_15066,TRUE
dblp_b_32,scholar_3750,TRUE
dblp_b_320,scholar_19991,TRUE
dblp_b_322,scholar_9291,TRUE
dblp_b_323,scholar_20420,TRUE
dblp_b_33,scholar_55553,TRUE
dblp_b_331,scholar_24035,TRUE
dblp_b_332,scholar_56096,TRUE
dblp_b_333,scholar_38473,TRUE
dblp_b_334,scholar_17280,TRUE
dblp_b_335,scholar_19224,TRUE
dblp_b_336,scholar_53327,TRUE
dblp_b_337,scholar_23625,TRUE
dblp_b_338,scholar_44141,TRUE
dblp_b_339,scholar_15267,TRUE
dblp_b_34,scholar_55216,TRUE
dblp_b_340,scholar_37787,TRUE
dblp_b_341,scholar_16687,TRUE
dblp_b_343,scholar_33096,TRUE
dblp_b_345,scholar_12896,TRUE
dblp_b_349,scholar_17974,TRUE
dblp_b_35,scholar_736,TRUE
dblp_b_351,scholar_15303,TRUE
dblp_b_352,scholar_17040,TRUE
dblp_b_354,scholar_31370,TRUE
dblp_b_355,scholar_37114,TRUE
dblp_b_356,scholar_3205,TRUE
dblp_b_357,scholar_3682,TRUE
dblp_b_358,scholar_5562,TRUE
dblp_b_36,scholar_51099,TRUE
dblp_b_360,scholar_10265,TRUE
dblp_b_361,scholar_14310,TRUE
dblp_b_362,scholar_51537,TRUE
dblp_b_363,scholar_42372,TRUE
dblp_b_364,scholar_53040,TRUE
dblp_b_365,scholar_18297,TRUE
dblp_b_366,scholar_35315,TRUE
dblp_b_367,scholar_21336,TRUE
dblp_b_368,scholar_42327,TRUE
dblp_b_369,scholar_33925,TRUE
dblp_b_37,scholar_11908,TRUE
dblp_b_370,scholar_34130,TRUE
dblp_b_371,scholar_57528,TRUE
dblp_b_372,scholar_1440,TRUE
dblp_b_374,scholar_56983,TRUE
dblp_b_375,scholar_11375,TRUE
dblp_b_377,scholar_22360,TRUE
dblp_b_378,scholar_33724,TRUE
dblp_b_379,scholar_19882,TRUE
dblp_b_38,scholar_60342,TRUE
dblp_b_380,scholar_38543,TRUE
dblp_b_381,scholar_23013,TRUE
dblp_b_382,scholar_63185,TRUE
dblp_b_383,scholar_33223,TRUE
dblp_b_384,scholar_15250,TRUE
dblp_b_385,scholar_26759,TRUE
dblp_b_386,scholar_59342,TRUE
dblp_b_387,scholar_12772,TRUE
dblp_b_388,scholar_28914,TRUE
dblp_b_389,scholar_35303,TRUE
dblp_b_39,scholar_2563,TRUE
dblp_b_390,scholar_15445,TRUE
dblp_b_391,scholar_16055,TRUE
dblp_b_392,scholar_29702,TRUE
dblp_b_394,scholar_6480,TRUE
dblp_b_395,scholar_39150,TRUE
dblp_b_396,scholar_44159,TRUE
dblp_b_397,scholar_2300,TRUE
dblp_b_399,scholar_11813,TRUE
dblp_b_4,scholar_4991,TRUE
dblp_b_40,scholar_38927,TRUE
dblp_b_400,scholar_11181,TRUE
dblp_b_401,scholar_44728,TRUE
dblp_b_402,scholar_24481,TRUE
dblp_b_403,scholar_2398,TRUE
dblp_b_404,scholar_38882,TRUE
dblp_b_405,scholar_27983,TRUE
dblp_b_406,scholar_17124,TRUE
dblp_b_407,scholar_46206,TRUE
dblp_b_408,scholar_10637,TRUE
dblp_b_409,scholar_10016,TRUE
dblp_b_41,scholar_13005,TRUE
dblp_b_411,scholar_60797,TRUE
dblp_b_412,scholar_851,TRUE
dblp_b_413,scholar_53513,TRUE
dblp_b_414,scholar_19479,TRUE
dblp_b_415,scholar_49343,TRUE
dblp_b_416,scholar_24209,TRUE
dblp_b_417,scholar_11746,TRUE
dblp_b_419,scholar_46492,TRUE
dblp_b_420,scholar_14348,TRUE
dblp_b_421,scholar_37362,TRUE
dblp_b_422,scholar_21087,TRUE
dblp_b_423,scholar_49104,TRUE
dblp_b_424,scholar_5194,TRUE
dblp_b_426,scholar_44899,TRUE
dblp_b_427,scholar_8452,TRUE
dblp_b_428,scholar_166,TRUE
dblp_b_429,scholar_25318,TRUE
dblp_b_43,scholar_63635,TRUE
dblp_b_430,scholar_16666,TRUE
dblp_b_431,scholar_55862,TRUE
dblp_b_432,scholar_22470,TRUE
dblp_b_433,scholar_14974,TRUE
dblp_b_434,scholar_21437,TRUE
dblp_b_435,scholar_15827,TRUE
dblp_b_437,scholar_50801,TRUE
dblp_b_438,scholar_19948,TRUE
dblp_b_439,scholar_19107,TRUE
dblp_b_44,scholar_42326,TRUE
dblp_b_440,scholar_46634,TRUE
dblp_b_441,scholar_10912,TRUE
dblp_b_442,scholar_26466,TRUE
dblp_b_443,scholar_27184,TRUE
dblp_b_444,scholar_3342,TRUE
dblp_b_445,scholar_18696,TRUE
dblp_b_446,scholar_37628,TRUE
dblp_b_447,scholar_14651,TRUE
dblp_b_449,scholar_19747,TRUE
dblp_b_45,scholar_19262,TRUE
dblp_b_451,scholar_27661,TRUE
dblp_b_452,scholar_23825,TRUE
dblp_b_453,scholar_18765,TRUE
dblp_b_455,scholar_11543,TRUE
dblp_b_456,scholar_57437,TRUE
dblp_b_457,scholar_3998,TRUE
dblp_b_458,scholar_36845,TRUE
dblp_b_459,scholar_42880,TRUE
dblp_b_46,scholar_54596,TRUE
dblp_b_461,scholar_6044,TRUE
dblp_b_463,scholar_7628,TRUE
dblp_b_464,scholar_23614,TRUE
dblp_b_465,scholar_2528,TRUE
dblp_b_466,scholar_15242,TRUE
dblp_b_467,scholar_57439,TRUE
dblp_b_468,scholar_38390,TRUE
dblp_b_47,scholar_12716,TRUE
dblp_b_471,scholar_32508,TRUE
dblp_b_472,scholar_38401,TRUE
dblp_b_473,scholar_33453,TRUE
dblp_b_474,scholar_54081,TRUE
dblp_b_475,scholar_17718,TRUE
dblp_b_476,scholar_54131,TRUE
dblp_b_478,scholar_53947,TRUE
dblp_b_48,scholar_61164,TRUE
dblp_b_480,scholar_42834,TRUE
dblp_b_482,scholar_60804,TRUE
dblp_b_484,scholar_62102,TRUE
dblp_b_485,scholar_22699,TRUE
dblp_b_486,scholar_52628,TRUE
dblp_b_487,scholar_11329,TRUE
dblp_b_488,scholar_12481,TRUE
dblp_b_489,scholar_49895,TRUE
dblp_b_49,scholar_19397,TRUE
dblp_b_490,scholar_17714,TRUE
dblp_b_491,scholar_3477,TRUE
dblp_b_492,scholar_13678,TRUE
dblp_b_493,scholar_23657,TRUE
dblp_b_494,scholar_51139,TRUE
dblp_b_495,scholar_35648,TRUE
dblp_b_496,scholar_26789,TRUE
dblp_b_497,scholar_18140,TRUE
dblp_b_498,scholar_16262,TRUE
dblp_b_499,scholar_17509,TRUE
dblp_b_5,scholar_12443,TRUE
dblp_b_50,scholar_36942,TRUE
dblp_b_500,scholar_31199,TRUE
dblp_b_501,scholar_9519,TRUE
dblp_b_502,scholar_13508,TRUE
dblp_b_504,scholar_29640,TRUE
dblp_b_505,scholar_46433,TRUE
dblp_b_506,scholar_59316,TRUE
dblp_b_508,scholar_18446,TRUE
dblp_b_509,scholar_10226,TRUE
dblp_b_51,scholar_10872,TRUE
dblp_b_510,scholar_46906,TRUE
dblp_b_511,scholar_2121,TRUE
dblp_b_512,scholar_11042,TRUE
dblp_b_513,scholar_21851,TRUE
dblp_b_514,scholar_12890,TRUE
dblp_b_515,scholar_57630,TRUE
dblp_b_516,scholar_61266,TRUE
dblp_b_517,scholar_32680,TRUE
dblp_b_518,scholar_59157,TRUE
dblp_b_519,scholar_50886,TRUE
dblp_b_521,scholar_14632,TRUE
dblp_b_522,scholar_18640,TRUE
dblp_b_523,scholar_2432,TRUE
dblp_b_524,scholar_15199,TRUE
dblp_b_525,scholar_27688,TRUE
dblp_b_526,scholar_34865,TRUE
dblp_b_527,scholar_32599,TRUE
dblp_b_529,scholar_38705,TRUE
dblp_b_53,scholar_45114,TRUE
dblp_b_530,scholar_14527,TRUE
dblp_b_531,scholar_28381,TRUE
dblp_b_532,scholar_3765,TRUE
dblp_b_533,scholar_53838,TRUE
dblp_b_535,scholar_16218,TRUE
dblp_b_536,scholar_33915,TRUE
dblp_b_537,scholar_25824,TRUE
dblp_b_538,scholar_61585,TRUE
dblp_b_539,scholar_10578,TRUE
dblp_b_54,scholar_50156,TRUE
dblp_b_540,scholar_38576,TRUE
dblp_b_541,scholar_37960,TRUE
dblp_b_542,scholar_39223,TRUE
dblp_b_543,scholar_55113,TRUE
dblp_b_544,scholar_30004,TRUE
dblp_b_546,scholar_62331,TRUE
dblp_b_547,scholar_20149,TRUE
dblp_b_548,scholar_37994,TRUE
dblp_b_549,scholar_36685,TRUE
dblp_b_55,scholar_18657,TRUE
dblp_b_550,scholar_15344,TRUE
dblp_b_551,scholar_49155,TRUE
dblp_b_552,scholar_19174,TRUE
dblp_b_553,scholar_3557,TRUE
dblp_b_554,scholar_16147,TRUE
dblp_b_555,scholar_57856,TRUE
dblp_b_556,scholar_13359,TRUE
dblp_b_557,scholar_30190,TRUE
dblp_b_558,scholar_50167,TRUE
dblp_b_559,scholar_10488,TRUE
dblp_b_56,scholar_13782,TRUE
dblp_b_560,scholar_34912,TRUE
dblp_b_561,scholar_37894,TRUE
dblp_b_562,scholar_1043,TRUE
dblp_b_563,scholar_18926,TRUE
dblp_b_564,scholar_48430,TRUE
dblp_b_565,scholar_6170,TRUE
dblp_b_566,scholar_11154,TRUE
dblp_b_567,scholar_15775,TRUE
dblp_b_569,scholar_18345,TRUE
dblp_b_57,scholar_10170,TRUE
dblp_b_570,scholar_15455,TRUE
dblp_b_571,scholar_39034,TRUE
dblp_b_572,scholar_24684,TRUE
dblp_b_573,scholar_36374,TRUE
dblp_b_574,scholar_35130,TRUE
dblp_b_575,scholar_34737,TRUE
dblp_b_576,scholar_48594,TRUE
dblp_b_577,scholar_2602,TRUE
dblp_b_578,scholar_34798,TRUE
dblp_b_579,scholar_54147,TRUE
dblp_b_58,scholar_37918,TRUE
dblp_b_581,scholar_21047,TRUE
dblp_b_582,scholar_27830,TRUE
dblp_b_583,scholar_13320,TRUE
dblp_b_584,scholar_11523,TRUE
dblp_b_585,scholar_37306,TRUE
dblp_b_586,scholar_53152,TRUE
dblp_b_588,scholar_2938,TRUE
dblp_b_589,scholar_10611,TRUE
dblp_b_591,scholar_52045,TRUE
dblp_b_592,scholar_57125,TRUE
dblp_b_593,scholar_24315,TRUE
dblp_b_594,scholar_31841,TRUE
dblp_b_595,scholar_11461,TRUE
dblp_b_596,scholar_38518,TRUE
dblp_b_597,scholar_25820,TRUE
dblp_b_599,scholar_60996,TRUE
dblp_b_6,scholar_38997,TRUE
dblp_b_600,scholar_28335,TRUE
dblp_b_601,scholar_46964,TRUE
dblp_b_602,scholar_60568,TRUE
dblp_b_603,scholar_37100,TRUE
dblp_b_604,scholar_32514,TRUE
dblp_b_605,scholar_9498,TRUE
dblp_b_607,scholar_1055,TRUE
dblp_b_608,scholar_28961,TRUE
dblp_b_609,scholar_17518,TRUE
dblp_b_61,scholar_26465,TRUE
dblp_b_610,scholar_10890,TRUE
dblp_b_611,scholar_31398,TRUE
dblp_b_612,scholar_3953,TRUE
dblp_b_613,scholar_1818,TRUE
dblp_b_614,scholar_59656,TRUE
dblp_b_615,scholar_2629,TRUE
dblp_b_616,scholar_37413,TRUE
dblp_b_617,scholar_39976,TRUE
dblp_b_618,scholar_60337,TRUE
dblp_b_619,scholar_10805,TRUE
dblp_b_62,scholar_22640,TRUE
dblp_b_620,scholar_36917,TRUE
dblp_b_621,scholar_41227,TRUE
dblp_b_624,scholar_4559,TRUE
dblp_b_625,scholar_22467,TRUE
dblp_b_626,scholar_32541,TRUE
dblp_b_627,scholar_25771,TRUE
dblp_b_629,scholar_39503,TRUE
dblp_b_63,scholar_47245,TRUE
dblp_b_630,scholar_21623,TRUE
dblp_b_631,scholar_30952,TRUE
dblp_b_632,scholar_17250,TRUE
dblp_b_633,scholar_5563,TRUE
dblp_b_634,scholar_54301,TRUE
dblp_b_635,scholar_11242,TRUE
dblp_b_636,scholar_58687,TRUE
dblp_b_637,scholar_34045,TRUE
dblp_b_638,scholar_17927,TRUE
dblp_b_639,scholar_31456,TRUE
dblp_b_640,scholar_61686,TRUE
dblp_b_641,scholar_42573,TRUE
dblp_b_642,scholar_15790,TRUE
dblp_b_643,scholar_52542,TRUE
dblp_b_644,scholar_31401,TRUE
dblp_b_645,scholar_24966,TRUE
dblp_b_646,scholar_42946,TRUE
dblp_b_647,scholar_38487,TRUE
dblp_b_648,scholar_21696,TRUE
dblp_b_649,scholar_5647,TRUE
dblp_b_65,scholar_36023,TRUE
dblp_b_650,scholar_56184,TRUE
dblp_b_651,scholar_2512,TRUE
dblp_b_652,scholar_39677,TRUE
dblp_b_653,scholar_14957,TRUE
dblp_b_654,scholar_45738,TRUE
dblp_b_655,scholar_6269,TRUE
dblp_b_656,scholar_1408,TRUE
dblp_b_657,scholar_22340,TRUE
dblp_b_658,scholar_35230,TRUE
dblp_b_659,scholar_2870,TRUE
dblp_b_66,scholar_14340,TRUE
dblp_b_660,scholar_19535,TRUE
dblp_b_662,scholar_23539,TRUE
dblp_b_663,scholar_46785,TRUE
dblp_b_664,scholar_31853,TRUE
dblp_b_665,scholar_33028,TRUE
dblp_b_666,scholar_59037,TRUE
dblp_b_667,scholar_9709,TRUE
dblp_b_668,scholar_11223,TRUE
dblp_b_669,scholar_56347,TRUE
dblp_b_67,scholar_20322,TRUE
dblp_b_670,scholar_11215,TRUE
dblp_b_671,scholar_39754,TRUE
dblp_b_672,scholar_64146,TRUE
dblp_b_673,scholar_38353,TRUE
dblp_b_674,scholar_31359,TRUE
dblp_b_675,scholar_33970,TRUE
dblp_b_676,scholar_30721,TRUE
dblp_b_677,scholar_3716,TRUE
dblp_b_678,scholar_50915,TRUE
dblp_b_679,scholar_38053,TRUE
dblp_b_68,scholar_16374,TRUE
dblp_b_680,scholar_40022,TRUE
dblp_b_681,scholar_19513,TRUE
dblp_b_682,scholar_61844,TRUE
dblp_b_683,scholar_61944,TRUE
dblp_b_684,scholar_18119,TRUE
dblp_b_685,scholar_42234,TRUE
dblp_b_686,scholar_42489,TRUE
dblp_b_687,scholar_32699,TRUE
dblp_b_688,scholar_21830,TRUE
dblp_b_689,scholar_12112,TRUE
dblp_b_69,scholar_12154,TRUE
dblp_b_690,scholar_23250,TRUE
dblp_b_691,scholar_12341,TRUE
dblp_b_692,scholar_10704,TRUE
dblp_b_693,scholar_38115,TRUE
dblp_b_694,scholar_13336,TRUE
dblp_b_695,scholar_50972,TRUE
dblp_b_696,scholar_7548,TRUE
dblp_b_697,scholar_46009,TRUE
dblp_b_698,scholar_3616,TRUE
dblp_b_699,scholar_51028,TRUE
dblp_b_7,scholar_40754,TRUE
dblp_b_70,scholar_38838,TRUE
dblp_b_701,scholar_30936,TRUE
dblp_b_702,scholar_7219,TRUE
dblp_b_703,scholar_12263,TRUE
dblp_b_704,scholar_32776,TRUE
dblp_b_705,scholar_13715,TRUE
dblp_b_706,scholar_24305,TRUE
dblp_b_707,scholar_10972,TRUE
dblp_b_708,scholar_52854,TRUE
dblp_b_709,scholar_55424,TRUE
dblp_b_71,scholar_37725,TRUE
dblp_b_710,scholar_16155,TRUE
dblp_b_712,scholar_14814,TRUE
dblp_b_713,scholar_2073,TRUE
dblp_b_714,scholar_31257,TRUE
dblp_b_715,scholar_45324,TRUE
dblp_b_716,scholar_23207,TRUE
dblp_b_717,scholar_37434,TRUE
dblp_b_718,scholar_17039,TRUE
dblp_b_719,scholar_63403,TRUE
dblp_b_72,scholar_12227,TRUE
dblp_b_720,scholar_33680,TRUE
dblp_b_721,scholar_59825,TRUE
dblp_b_722,scholar_23854,TRUE
dblp_b_723,scholar_50024,TRUE
dblp_b_724,scholar_41458,TRUE
dblp_b_725,scholar_12742,TRUE
dblp_b_726,scholar_12985,TRUE
dblp_b_727,scholar_38280,TRUE
dblp_b_728,scholar_34234,TRUE
dblp_b_729,scholar_1277,TRUE
dblp_b_73,scholar_12959,TRUE
dblp_b_730,scholar_27013,TRUE
dblp_b_731,scholar_64138,TRUE
dblp_b_732,scholar_10963,TRUE
dblp_b_733,scholar_32111,TRUE
dblp_b_734,scholar_29250,TRUE
dblp_b_735,scholar_22565,TRUE
dblp_b_736,scholar_56249,TRUE
dblp_b_737,scholar_42142,TRUE
dblp_b_738,scholar_59105,TRUE
dblp_b_739,scholar_24483,TRUE
dblp_b_74,scholar_51641,TRUE
dblp_b_740,scholar_45816,TRUE
dblp_b_742,scholar_52833,TRUE
dblp_b_743,scholar_50907,TRUE
dblp_b_744,scholar_13461,TRUE
dblp_b_745,scholar_41147,TRUE
dblp_b_746,scholar_11508,TRUE
dblp_b_747,scholar_8134,TRUE
dblp_b_748,scholar_2050,TRUE
dblp_b_749,scholar_12042,TRUE
dblp_b_75,scholar_17864,TRUE
dblp_b_750,scholar_14753,TRUE
dblp_b_751,scholar_7073,TRUE
dblp_b_752,scholar_44504,TRUE
dblp_b_753,scholar_24296,TRUE
dblp_b_755,scholar_17037,TRUE
dblp_b_756,scholar_12804,TRUE
dblp_b_757,scholar_10999,TRUE
dblp_b_758,scholar_39381,TRUE
dblp_b_759,scholar_7951,TRUE
dblp_b_760,scholar_27778,TRUE
dblp_b_761,scholar_22910,TRUE
dblp_b_762,scholar_32503,TRUE
dblp_b_763,scholar_25655,TRUE
dblp_b_764,scholar_32500,TRUE
dblp_b_765,scholar_3412,TRUE
dblp_b_766,scholar_2168,TRUE
dblp_b_768,scholar_26448,TRUE
dblp_b_769,scholar_58421,TRUE
dblp_b_77,scholar_59833,TRUE
dblp_b_770,scholar_10959,TRUE
dblp_b_772,scholar_34825,TRUE
dblp_b_773,scholar_4443,TRUE
dblp_b_774,scholar_23238,TRUE
dblp_b_775,scholar_15983,TRUE
dblp_b_776,scholar_13722,TRUE
dblp_b_777,scholar_30928,TRUE
dblp_b_778,scholar_14931,TRUE
dblp_b_779,scholar_2325,TRUE
dblp_b_780,scholar_56176,TRUE
dblp_b_781,scholar_1461,TRUE
dblp_b_782,scholar_50143,TRUE
dblp_b_783,scholar_16258,TRUE
dblp_b_784,scholar_4997,TRUE
dblp_b_785,scholar_51046,TRUE
dblp_b_786,scholar_9358,TRUE
dblp_b_787,scholar_49287,TRUE
dblp_b_788,scholar_15253,TRUE
dblp_b_789,scholar_17578,TRUE
dblp_b_79,scholar_48134,TRUE
dblp_b_790,scholar_1983,TRUE
dblp_b_791,scholar_2569,TRUE
dblp_b_792,scholar_17599,TRUE
dblp_b_793,scholar_54571,TRUE
dblp_b_794,scholar_38773,TRUE
dblp_b_795,scholar_43203,TRUE
dblp_b_796,scholar_45674,TRUE
dblp_b_797,scholar_3128,TRUE
dblp_b_799,scholar_30108,TRUE
dblp_b_8,scholar_16621,TRUE
dblp_b_80,scholar_22948,TRUE
dblp_b_800,scholar_5712,TRUE
dblp_b_801,scholar_20029,TRUE
dblp_b_802,scholar_63067,TRUE
dblp_b_803,scholar_17201,TRUE
dblp_b_805,scholar_27702,TRUE
dblp_b_806,scholar_12503,TRUE
dblp_b_807,scholar_37539,TRUE
dblp_b_808,scholar_30385,TRUE
dblp_b_809,scholar_52271,TRUE
dblp_b_810,scholar_12692,TRUE
dblp_b_811,scholar_27456,TRUE
dblp_b_813,scholar_53493,TRUE
dblp_b_814,scholar_13799,TRUE
dblp_b_815,scholar_18149,TRUE
dblp_b_817,scholar_30165,TRUE
dblp_b_818,scholar_37702,TRUE
dblp_b_819,scholar_37877,TRUE
dblp_b_82,scholar_3887,TRUE
dblp_b_820,scholar_9595,TRUE
dblp_b_822,scholar_59931,TRUE
dblp_b_824,scholar_64109,TRUE
dblp_b_825,scholar_41560,TRUE
dblp_b_826,scholar_24888,TRUE
dblp_b_827,scholar_15295,TRUE
dblp_b_828,scholar_38409,TRUE
dblp_b_829,scholar_27463,TRUE
dblp_b_830,scholar_46056,TRUE
dblp_b_831,scholar_33086,TRUE
dblp_b_832,scholar_16981,TRUE
dblp_b_833,scholar_36983,TRUE
dblp_b_834,scholar_53543,TRUE
dblp_b_835,scholar_46940,TRUE
dblp_b_836,scholar_36246,TRUE
dblp_b_837,scholar_16543,TRUE
dblp_b_838,scholar_61948,TRUE
dblp_b_839,scholar_7397,TRUE
dblp_b_84,scholar_2868,TRUE
dblp_b_840,scholar_3822,TRUE
dblp_b_841,scholar_20453,TRUE
dblp_b_842,scholar_29504,TRUE
dblp_b_843,scholar_12160,TRUE
dblp_b_844,scholar_51090,TRUE
dblp_b_845,scholar_10155,TRUE
dblp_b_846,scholar_3537,TRUE
dblp_b_847,scholar_9663,TRUE
dblp_b_848,scholar_46097,TRUE
dblp_b_849,scholar_11111,TRUE
dblp_b_85,scholar_21842,TRUE
dblp_b_850,scholar_62821,TRUE
dblp_b_851,scholar_33208,TRUE
dblp_b_852,scholar_12171,TRUE
dblp_b_853,scholar_10574,TRUE
dblp_b_854,scholar_49030,TRUE
dblp_b_856,scholar_10738,TRUE
dblp_b_857,scholar_26966,TRUE
dblp_b_858,scholar_33050,TRUE
dblp_b_859,scholar_26191,TRUE
dblp_b_86,scholar_20055,TRUE
dblp_b_860,scholar_17187,TRUE
dblp_b_862,scholar_25591,TRUE
dblp_b_863,scholar_10116,TRUE
dblp_b_864,scholar_26115,TRUE
dblp_b_865,scholar_17511,TRUE
dblp_b_866,scholar_61629,TRUE
dblp_b_867,scholar_12061,TRUE
dblp_b_868,scholar_62728,TRUE
dblp_b_869,scholar_6334,TRUE
dblp_b_87,scholar_2773,TRUE
dblp_b_870,scholar_18744,TRUE
dblp_b_871,scholar_16357,TRUE
dblp_b_872,scholar_2834,TRUE
dblp_b_873,scholar_21816,TRUE
dblp_b_874,scholar_5265,TRUE
dblp_b_875,scholar_50278,TRUE
dblp_b_876,scholar_10603,TRUE
dblp_b_877,scholar_54770,TRUE
dblp_b_878,scholar_63475,TRUE
dblp_b_879,scholar_23897,TRUE
dblp_b_880,scholar_6515,TRUE
dblp_b_881,scholar_33515,TRUE
dblp_b_882,scholar_41952,TRUE
dblp_b_883,scholar_29969,TRUE
dblp_b_884,scholar_23392,TRUE
dblp_b_885,scholar_51866,TRUE
dblp_b_887,scholar_54333,TRUE
dblp_b_888,scholar_14565,TRUE
dblp_b_89,scholar_55462,TRUE
dblp_b_890,scholar_25667,TRUE
dblp_b_891,scholar_55054,TRUE
dblp_b_892,scholar_52129,TRUE
dblp_b_893,scholar_29502,TRUE
dblp_b_895,scholar_31188,TRUE
dblp_b_897,scholar_49182,TRUE
dblp_b_898,scholar_16724,TRUE
dblp_b_899,scholar_20194,TRUE
dblp_b_9,scholar_35567,TRUE
dblp_b_90,scholar_43168,TRUE
dblp_b_900,scholar_53261,TRUE
dblp_b_901,scholar_21155,TRUE
dblp_b_902,scholar_19657,TRUE
dblp_b_903,scholar_19714,TRUE
dblp_b_904,scholar_32302,TRUE
dblp_b_905,scholar_39230,TRUE
dblp_b_906,scholar_35785,TRUE
dblp_b_907,scholar_28847,TRUE
dblp_b_908,scholar_13431,TRUE
dblp_b_909,scholar_38317,TRUE
dblp_b_91,scholar_15971,TRUE
dblp_b_910,scholar_1557,TRUE
dblp_b_911,scholar_40808,TRUE
dblp_b_912,scholar_9669,TRUE
dblp_b_913,scholar_50105,TRUE
dblp_b_914,scholar_11853,TRUE
dblp_b_915,scholar_13443,TRUE
dblp_b_916,scholar_3029,TRUE
dblp_b_917,scholar_58303,TRUE
dblp_b_918,scholar_34353,TRUE
dblp_b_919,scholar_20607,TRUE
dblp_b_920,scholar_31057,TRUE
dblp_b_921,scholar_16613,TRUE
dblp_b_922,scholar_5173,TRUE
dblp_b_923,scholar_28935,TRUE
dblp_b_924,scholar_3121,TRUE
dblp_b_925,scholar_23616,TRUE
dblp_b_926,scholar_27289,TRUE
dblp_b_927,scholar_14371,TRUE
dblp_b_928,scholar_42595,TRUE
dblp_b_929,scholar_6430,TRUE
dblp_b_93,scholar_3630,TRUE
dblp_b_930,scholar_47502,TRUE
dblp_b_931,scholar_37072,TRUE
dblp_b_932,scholar_55845,TRUE
dblp_b_933,scholar_2523,TRUE
dblp_b_934,scholar_32858,TRUE
dblp_b_935,scholar_2308,TRUE
dblp_b_936,scholar_26901,TRUE
dblp_b_937,scholar_14499,TRUE
dblp_b_939,scholar_19697,TRUE
dblp_b_94,scholar_27593,TRUE
dblp_b_940,scholar_16731,TRUE
dblp_b_941,scholar_46287,TRUE
dblp_b_943,scholar_11389,TRUE
dblp_b_944,scholar_16179,TRUE
dblp_b_945,scholar_41774,TRUE
dblp_b_946,scholar_31631,TRUE
dblp_b_947,scholar_10794,TRUE
dblp_b_948,scholar_3696,TRUE
dblp_b_949,scholar_14517,TRUE
dblp_b_95,scholar_1047,TRUE
dblp_b_950,scholar_31237,TRUE
dblp_b_951,scholar_29376,TRUE
dblp_b_952,scholar_13727,TRUE
dblp_b_953,scholar_18974,TRUE
dblp_b_954,scholar_7355,TRUE
dblp_b_955,scholar_12515,TRUE
dblp_b_956,scholar_12558,TRUE
dblp_b_957,scholar_48028,TRUE
dblp_b_958,scholar_29082,TRUE
dblp_b_959,scholar_12426,TRUE
dblp_b_960,scholar_27440,TRUE
dblp_b_962,scholar_60878,TRUE
dblp_b_963,scholar_27232,TRUE
dblp_b_964,scholar_28569,TRUE
dblp_b_965,scholar_7535,TRUE
dblp_b_968,scholar_2891,TRUE
dblp_b_969,scholar_16558,TRUE
dblp_b_97,scholar_13730,TRUE
dblp_b_970,scholar_21296,TRUE
dblp_b_971,scholar_11886,TRUE
dblp_b_972,scholar_44334,TRUE
dblp_b_973,scholar_50248,TRUE
dblp_b_974,scholar_51754,TRUE
dblp_b_976,scholar_31754,TRUE
dblp_b_977,scholar_47016,TRUE
dblp_b_978,scholar_40215,TRUE
dblp_b_979,scholar_62736,TRUE
dblp_b_98,scholar_49356,TRUE
dblp_b_980,scholar_6638,TRUE
dblp_b_981,scholar_21107,TRUE
dblp_b_982,scholar_53363,TRUE
dblp_b_983,scholar_33369,TRUE
dblp_b_986,scholar_16748,TRUE
dblp_b_987,scholar_915,TRUE
dblp_b_988,scholar_3052,TRUE
dblp_b_989,scholar_52054,TRUE
dblp_b_99,scholar_1097,TRUE
dblp_b_990,scholar_52266,TRUE
dblp_b_991,scholar_28184,TRUE
dblp_b_992,scholar_14749,TRUE
dblp_b_993,scholar_10195,TRUE
dblp_b_994,scholar_16972,TRUE
dblp_b_995,scholar_24050,TRUE
dblp_b_996,scholar_14659,TRUE
dblp_b_997,scholar_28685,TRUE
dblp_b_998,scholar_56172,TRUE
dblp_b_999,scholar_12070,TRUE
