revngo.com_22665,www.ihg.com_220,True
revngo.com_19862,www.ihg.com_215,True
revngo.com_18138,www.ihg.com_187,True
revngo.com_30577,www.ihg.com_297,True
revngo.com_7990,www.ihg.com_208,True
revngo.com_26590,www.ihg.com_254,True
revngo.com_14776,www.ihg.com_280,True
revngo.com_27903,www.ihg.com_227,True
revngo.com_8782,www.ihg.com_296,True
revngo.com_30598,www.ihg.com_199,True
revngo.com_7734,www.ihg.com_186,True
revngo.com_6017,www.ihg.com_305,True
revngo.com_31880,www.ihg.com_191,True
revngo.com_9440,www.ihg.com_197,True
revngo.com_15961,www.ihg.com_308,True
revngo.com_30018,www.ihg.com_219,True
revngo.com_14776,www.ihg.com_314,True
revngo.com_10403,www.ihg.com_196,True
revngo.com_34,www.ihg.com_278,True
revngo.com_15394,www.ihg.com_240,True
revngo.com_32013,www.ihg.com_250,True
revngo.com_9884,www.ihg.com_826,True
revngo.com_21693,www.ihg.com_401,True
revngo.com_35157,www.ihg.com_458,True
revngo.com_34033,www.ihg.com_893,True
revngo.com_22944,www.ihg.com_681,True
revngo.com_9943,www.ihg.com_235,True
revngo.com_9362,www.ihg.com_896,True
revngo.com_33541,www.ihg.com_510,True
revngo.com_4051,www.ihg.com_9974,True
revngo.com_8685,www.ihg.com_8368,True
revngo.com_32802,www.ihg.com_5128,True
revngo.com_1951,www.ihg.com_6748,True
revngo.com_27052,www.ihg.com_6988,True
revngo.com_13574,www.ihg.com_2556,True
revngo.com_20728,www.ihg.com_5035,True
revngo.com_11816,www.ihg.com_9562,True
revngo.com_14967,www.ihg.com_7022,True
revngo.com_23047,www.ihg.com_7781,True
revngo.com_13096,www.ihg.com_3960,True
revngo.com_9065,www.ihg.com_9487,True
revngo.com_17690,www.ihg.com_7080,True
revngo.com_10144,www.ihg.com_4158,True
revngo.com_15878,www.ihg.com_8965,True
revngo.com_29355,www.ihg.com_7524,True
revngo.com_27342,www.ihg.com_2618,True
revngo.com_19828,www.ihg.com_6645,True
revngo.com_29240,www.ihg.com_7537,True
revngo.com_6536,www.ihg.com_8712,True
revngo.com_18140,www.ihg.com_6264,True
revngo.com_30977,www.ihg.com_7233,True
revngo.com_34415,www.ihg.com_6628,True
revngo.com_8579,www.ihg.com_3504,True
revngo.com_30395,www.ihg.com_5731,True
revngo.com_17611,www.ihg.com_5014,True
revngo.com_23269,www.ihg.com_3078,True
revngo.com_12994,www.ihg.com_1140,True
revngo.com_26012,www.ihg.com_6971,True
revngo.com_21382,www.ihg.com_6306,True
revngo.com_530,www.ihg.com_8556,TRUE
revngo.com_5,www.ihg.com_1494,TRUE
revngo.com_372,www.ihg.com_9159,TRUE
revngo.com_85,www.ihg.com_5469,TRUE
revngo.com_284,www.ihg.com_6499,TRUE
revngo.com_13073,www.ihg.com_8557,TRUE
revngo.com_360,www.ihg.com_373,TRUE
revngo.com_40857,www.ihg.com_7889,TRUE
revngo.com_216,www.ihg.com_1506,TRUE
revngo.com_584,www.ihg.com_3723,TRUE
revngo.com_633,www.ihg.com_1499,TRUE
revngo.com_99,www.ihg.com_5470,TRUE
revngo.com_256,www.ihg.com_9164,TRUE
revngo.com_22943,www.ihg.com_1502,TRUE
revngo.com_35877,www.ihg.com_9632,TRUE
revngo.com_40493,www.ihg.com_9637,TRUE
revngo.com_302,www.ihg.com_3758,TRUE
revngo.com_342,www.ihg.com_3756,TRUE
revngo.com_301,www.ihg.com_5462,TRUE
revngo.com_114,www.ihg.com_3752,TRUE
revngo.com_367,www.ihg.com_7878,TRUE
revngo.com_545,www.ihg.com_3760,TRUE
revngo.com_24898,www.ihg.com_9156,TRUE
revngo.com_543,www.ihg.com_9157,TRUE
revngo.com_18,www.ihg.com_1489,TRUE
revngo.com_488,www.ihg.com_6847,TRUE
revngo.com_598,www.ihg.com_8562,TRUE
revngo.com_70,www.ihg.com_6849,TRUE
revngo.com_73482,www.ihg.com_7213,TRUE
revngo.com_402,www.ihg.com_1487,TRUE
revngo.com_49041,www.ihg.com_7883,TRUE
revngo.com_394,www.ihg.com_9629,TRUE
revngo.com_43,www.ihg.com_2215,TRUE
revngo.com_549,www.ihg.com_5808,TRUE
revngo.com_48812,www.ihg.com_3703,TRUE
revngo.com_547,www.ihg.com_7899,TRUE
revngo.com_133,www.ihg.com_4983,TRUE
revngo.com_576,www.ihg.com_1516,TRUE
revngo.com_198,www.ihg.com_8542,TRUE
revngo.com_383,www.ihg.com_3713,TRUE
revngo.com_15,www.ihg.com_372,TRUE
revngo.com_3116,www.ihg.com_581,TRUE
revngo.com_674,www.ihg.com_855,TRUE
revngo.com_263,www.ihg.com_9630,TRUE
revngo.com_75,www.ihg.com_6844,TRUE
revngo.com_108,www.ihg.com_6220,TRUE
revngo.com_369,www.ihg.com_1455,TRUE
revngo.com_589,www.ihg.com_6224,TRUE
revngo.com_95,www.ihg.com_4593,TRUE
revngo.com_661,www.ihg.com_6227,TRUE
revngo.com_110,www.ihg.com_7857,TRUE
revngo.com_225,www.ihg.com_5838,TRUE
revngo.com_19993,www.ihg.com_3796,TRUE
revngo.com_639,www.ihg.com_3800,TRUE
revngo.com_724,www.ihg.com_5012,TRUE
revngo.com_35,www.ihg.com_723,TRUE
revngo.com_64,www.ihg.com_1438,TRUE
revngo.com_29646,www.ihg.com_1442,TRUE
revngo.com_725,www.ihg.com_1443,TRUE
revngo.com_350,www.ihg.com_5007,TRUE
revngo.com_478,www.ihg.com_5009,TRUE
revngo.com_641,www.ihg.com_1440,TRUE
revngo.com_19380,www.ihg.com_6239,TRUE
revngo.com_65069,www.ihg.com_9648,TRUE
revngo.com_280,www.ihg.com_6507,TRUE
revngo.com_518,www.ihg.com_8576,TRUE
revngo.com_21615,www.ihg.com_7216,TRUE
revngo.com_171,www.ihg.com_2244,TRUE
revngo.com_559,www.ihg.com_5458,TRUE
revngo.com_290,www.ihg.com_8569,TRUE
revngo.com_520,www.ihg.com_5814,TRUE
revngo.com_26790,www.ihg.com_624,TRUE
revngo.com_701,www.ihg.com_8574,TRUE
revngo.com_412,www.ihg.com_6504,TRUE
revngo.com_15674,www.ihg.com_5807,TRUE
