"URI","City","City population","Country","lat","long"
"WebTables_0","MacAllen","110,000","USA","",""
"WebTables_1","Maceio","922,000","Brazil","",""
"WebTables_2","Macheng","1,880,000","China","",""
"WebTables_3","MADRID","3,213,000","Spain","",""
"WebTables_4","Madurai","1,130,000","India","",""
"WebTables_5","Magdeburg","230,000","Germany","",""
"WebTables_6","Maiduguri","1,200,000","Nigeria","",""
"WebTables_7","Makasar","1,113,000","Indonesia","",""
"WebTables_8","Malang","742,000","Indonesia","",""
"WebTables_9","Malmo","244,000","Sweden","",""
"WebTables_10","MANAGUA","1,185,000","Nicaragua","",""
"WebTables_11","Manaus","1,739,000","Brazil","",""
"WebTables_12","Manchester","464,000","UK","",""
"WebTables_13","Mandalay","961,000","Myanmar (Burma)","",""
"WebTables_14","MANILA METRO","11,550,000","Philippines","",""
"WebTables_15","Mannheim","311,000","Germany","",""
"WebTables_16","MAPUTO","1,244,000","Mozambique","",""
"WebTables_17","Maracaibo","1,799,000","Venezuela","",""
"WebTables_18","Maracay","479,000","Venezuela","",""
"WebTables_19","Marrakech","1,071,000","Morocco","",""
"WebTables_20","Marseille","852,000","France","",""
"WebTables_21","Mashhad","2,910,000","Iran","",""
"WebTables_22","Masqat-Matrah","776,000","Oman","",""
"WebTables_23","Matamoros","370,000","Mexico","",""
"WebTables_24","Mataram","330,000","Indonesia","",""
"WebTables_25","Mbuji-Mayi","905,000","Congo D.R.","",""
"WebTables_26","Mecca","1,700,000","Saudi Arabia","",""
"WebTables_27","Medan","1,990,000","Indonesia","",""
"WebTables_28","Medellin","2,223,000","Colombia","",""
"WebTables_29","Medina","1,300,000","Saudi Arabia","",""
"WebTables_30","Meerut","1,277,000","India","",""
"WebTables_31","Melbourne","3,635,000","Australia","",""
"WebTables_32","Memphis","670,000","USA","",""
"WebTables_33","Mendoza","113,000","Argentina","",""
"WebTables_34","Merida","734,000","Mexico","",""
"WebTables_35","Mexicali","1,000,000","Mexico","",""
"WebTables_36","MEXICO CITY","8,841,000","Mexico","",""
"WebTables_37","Miami","386,000","USA","",""
"WebTables_38","Mianyang","1,300,000","China","",""
"WebTables_39","Milan","1,302,000","Italy","",""
"WebTables_40","Milwaukee","604,000","USA","",""
"WebTables_41","Minneapolis","392,000","USA","",""
"WebTables_42","MINSK","1,831,000","Belarus","",""
"WebTables_43","Mirat","1,095,000","India","",""
"WebTables_44","MOGADISHU","1,500,000","Somalia","",""
"WebTables_45","Mombasa","880,000","Kenia","",""
"WebTables_46","MONROVIA","543,000","Liberia","",""
"WebTables_47","Monterrey","2,057,000","Mexico","",""
"WebTables_48","MONTEVIDEO","1,326,000","Uruguay","",""
"WebTables_49","Montpellier","252,000","France","",""
"WebTables_50","Montreal","1,621,000","Canada","",""
"WebTables_51","MOSCOW","10,524,000","Russia","",""
"WebTables_52","Mosul","1,139,000","Iraq","",""
"WebTables_53","Mudanjiang","1,014,000","China","",""
"WebTables_54","Multan","1,424,000","Pakistan","",""
"WebTables_55","Mumbai (Bombay)","13,900,000","India","",""
"WebTables_56","Munich","1,367,000","Germany","",""
"WebTables_57","Münster","274,000","Germany","",""
"WebTables_58","Mysore","799,000","India","",""
"WebTables_59","Nagoya","2,260,000","Japan","",""
"WebTables_60","Nagpur","2,420,000","India","",""
"WebTables_61","NAIROBI","3,130,000","Kenya","",""
"WebTables_62","Nanan","1,480,000","China","",""
"WebTables_63","Nanchang","1,844,000","China","",""
"WebTables_64","Nanchong","1,950,000","China","",""
"WebTables_65","Nanjing","4,150,000","China","",""
"WebTables_66","Nanning","2,450,000","China","",""
"WebTables_67","Nantes","283,000","France","",""
"WebTables_68","Nanyang","800,000","China","",""
"WebTables_69","Naples","963,000","Italy","",""
"WebTables_70","Nashik","1,620,000","India","",""
"WebTables_71","Nashville","626,000","USA","",""
"WebTables_72","Natal","790,000","Brazil","",""
"WebTables_73","Naucalpan","822,000","Mexico","",""
"WebTables_74","Neijiang","1,560,000","China","",""
"WebTables_75","New Orleans","488,000","USA","",""
"WebTables_76","New York City","8,364,000","USA","",""
"WebTables_77","Newcastle upon Tyne","234,000","UK","",""
"WebTables_78","Nezahualcoyotl","1,141,000","Mexico","",""
"WebTables_79","Nice","347,000","France","",""
"WebTables_80","Niigata","812,000","Japan","",""
"WebTables_81","Ningbo","2,201,000","China","",""
"WebTables_82","Nizhniy Novgorod","1,280,000","Russia","",""
"WebTables_83","Norfolk","850,000","USA","",""
"WebTables_84","Nova Iguacu","846,000","Brazil","",""
"WebTables_85","Novosibirsk","1,396,000","Russia","",""
"WebTables_86","Nuremberg","504,000","Germany","",""
"WebTables_87","Oakland","446,900","USA","",""
"WebTables_88","Oberhausen","216,000","Germany","",""
"WebTables_89","Odessa","1,080,000","Ukraine","",""
"WebTables_90","Ogbomosho","726,000","Nigeria","",""
"WebTables_91","Okayama","700,000","Japan","",""
"WebTables_92","Okinawa","129,000","Japan","",""
"WebTables_93","Oklahoma City","551,000","USA","",""
"WebTables_94","Omdurman","2,400,000","Sudan","",""
"WebTables_95","Omsk","1,137,000","Russia","",""
"WebTables_96","Onitsha","509,000","Nigeria","",""
"WebTables_97","Oran","683,000","Algeria","",""
"WebTables_98","Orlando","231,000","USA","",""
"WebTables_99","Osaka","2,647,000","Japan","",""
"WebTables_100","Osh","230,000","Kyrgyztan","",""
"WebTables_101","Oshogbo","421,000","Nigeria","",""
"WebTables_102","OSLO","584,000","Norway","",""
"WebTables_103","OTTAWA","815,000","Canada","",""
"WebTables_104","OUAGADOUGOU","1,475,000","Burkina Faso","",""
"WebTables_105","Padang","820,000","Indonesia","",""
"WebTables_106","Palembang","1,600,000","Indonesia","",""
"WebTables_107","Palermo","684,000","Italy","",""
"WebTables_108","PANAMA CITY","850,000","Panama","",""
"WebTables_109","Panzhihua","478,000","China","",""
"WebTables_110","PARIS","2,113,000","France","",""
"WebTables_111","Patna","1,800,000","India","",""
"WebTables_112","Perm","1,010,000","Russia","",""
"WebTables_113","Perth","1,603,000","Australia","",""
"WebTables_114","Peshawar","1,100,000","Pakistan","",""
"WebTables_115","Philadelphia","1,540,000","USA","",""
"WebTables_116","PHNOM PENH","1,242,000","Cambodia","",""
"WebTables_117","Phoenix","1,568,000","USA","",""
"WebTables_118","Pikine-Guediawaye","1,200,000","Senegal","",""
"WebTables_119","Pimpri Chinchwad","1,515,000","India","",""
"WebTables_120","Pingdingshan","1,230,000","China","",""
"WebTables_121","Pingdu","1,340,000","China","",""
"WebTables_122","Pittsburgh","335,000","USA","",""
"WebTables_123","Pointe Noire","527,000","Congo Br","",""
"WebTables_124","Port Elizabeth","833,000","South Africa","",""
"WebTables_125","Port Harcourt","2,667,000","Nigeria","",""
"WebTables_126","PORT-AU-PRINCE","1,083,000","Haiti","",""
"WebTables_127","Portland","542,000","USA","",""
"WebTables_128","Porto","263,000","Portugal","",""
"WebTables_129","Porto Alegre","1,355,000","Brazil","",""
"WebTables_130","PRAGUE","1,242,000","Czech Republic","",""
"WebTables_131","Puebla","1,888,000","Mexico","",""
"WebTables_132","Pune","3,337,000","India","",""
"WebTables_133","PYONGYANG","3,255,000","North Korea","",""
"WebTables_134","Qianjiang","1,190,000","China","",""
"WebTables_135","Qidong","1,160,000","China","",""
"WebTables_136","Qingdao","2,755,000","China","",""
"WebTables_137","Qiqihaer","1,439,000","China","",""
"WebTables_138","Qom","1,042,000","Iran","",""
"WebTables_139","Quanzhou","1,490,000","China","",""
"WebTables_140","Québec","495,000","Canada","",""
"WebTables_141","Quezon City","2,680,000","Philippines","",""
"WebTables_142","QUITO","1,648,000","Ecuador","",""
"WebTables_143","RABAT","627,000","Morocco","",""
"WebTables_144","Rajkot","1,336,000","India","",""
"WebTables_145","Raleigh","393,000","USA","",""
"WebTables_146","Ranchi","1,290,000","India","",""
"WebTables_147","Rawalpindi","1,558,000","Pakistan","",""
"WebTables_148","Recife","1,561,000","Brazil","",""
"WebTables_149","Rennes","206,000","France","",""
"WebTables_150","Ribeirao Preto","547,000","Brazil","",""
"WebTables_151","Richmond","200,000","USA","",""
"WebTables_152","RIGA","725,000","Latvia","",""
"WebTables_153","Rio de Janeiro","6,093,000","Brazil","",""
"WebTables_154","RIYADH","4,950,000","Saudi Arabia","",""
"WebTables_155","Rizhao","1,290,000","China","",""
"WebTables_156","Rochester","220,000","USA","",""
"WebTables_157","ROME","2,732,000","Italy","",""
"WebTables_158","Rosario","1,160,000","Argentina","",""
"WebTables_159","Rostock","201,000","Germany","",""
"WebTables_160","Rostov on Don","1,068,000","Russia","",""
"WebTables_161","Rotterdam","590,000","Netherlands","",""
"WebTables_162","Rugao","1,453,000","China","",""
"WebTables_163","Ruian","1,250,000","China","",""
"WebTables_164","Guayaquil","2,196,000","Ecuador","",""
"WebTables_165","QUITO","1,648,000","Ecuador","",""
"WebTables_166","CAIRO","7,764,000","Egypt","",""
"WebTables_167","Alexandria","4,110,000","Egypt","",""
"WebTables_168","Giza","2,225,000","Egypt","",""
"WebTables_169","Subra al-Haymah","998,000","Egypt","",""
"WebTables_170","SAN SALVADOR","520,000","El Salvador","",""
"WebTables_171","ASMARA","392,000","Eritrea","",""
"WebTables_172","TALLINN","407,000","Estonia","",""
"WebTables_173","ADDIS ABABA","3,385,000","Ethiopia","",""
"WebTables_174","HELSINKI","583,000","Finland","",""
"WebTables_175","PARIS","2,113,000","France","",""
"WebTables_176","Marseille","852,000","France","",""
"WebTables_177","Lyon","472,000","France","",""
"WebTables_178","Toulouse","438,000","France","",""
"WebTables_179","Nice","347,000","France","",""
"WebTables_180","Nantes","283,000","France","",""
"WebTables_181","Strasbourg","273,000","France","",""
"WebTables_182","Montpellier","252,000","France","",""
"WebTables_183","Bordeaux","250,000","France","",""
"WebTables_184","Lille","226,000","France","",""
"WebTables_185","Rennes","206,000","France","",""
"WebTables_186","TBILISI","1,490,000","Georgia","",""
"WebTables_187","BERLIN","3,432,000","Germany","",""
"WebTables_188","Hamburg","1,775,000","Germany","",""
"WebTables_189","Munich","1,367,000","Germany","",""
"WebTables_190","Cologne","995,000","Germany","",""
"WebTables_191","Frankfurt","665,000","Germany","",""
"WebTables_192","Stuttgart","600,000","Germany","",""
"WebTables_193","Dortmund","584,000","Germany","",""
"WebTables_194","Essen","580,000","Germany","",""
"WebTables_195","Bremen","547,000","Germany","",""
"WebTables_196","Hannover","520,000","Germany","",""
"WebTables_197","Leipzig","515,000","Germany","",""
"WebTables_198","Dresden","512,000","Germany","",""
"WebTables_199","Nuremberg","504,000","Germany","",""
"WebTables_200","Duisburg","494,000","Germany","",""
"WebTables_201","Wuppertal","353,000","Germany","",""
"WebTables_202","Bielefeld","324,000","Germany","",""
"WebTables_203","Mannheim","311,000","Germany","",""
"WebTables_204","Karlsruhe","291,000","Germany","",""
"WebTables_205","Wiesbaden","277,000","Germany","",""
"WebTables_206","Münster","274,000","Germany","",""
"WebTables_207","Augsburg","263,000","Germany","",""
"WebTables_208","Gelsenkirchen","262,000","Germany","",""
"WebTables_209","Aachen","259,000","Germany","",""
"WebTables_210","Braunschweig","246,000","Germany","",""
"WebTables_211","Chemnitz","243,000","Germany","",""
"WebTables_212","Krefeld","236,000","Germany","",""
"WebTables_213","Halle","233,000","Germany","",""
"WebTables_214","Magdeburg","230,000","Germany","",""
"WebTables_215","Freiburg","220,000","Germany","",""
"WebTables_216","Oberhausen","216,000","Germany","",""
"WebTables_217","Lübeck","211,000","Germany","",""
"WebTables_218","Erfurt","203,000","Germany","",""
"WebTables_219","Rostock","201,000","Germany","",""
"WebTables_220","ACCRA","1,605,000","Ghana","",""
"WebTables_221","Kumasi","1,500,000","Ghana","",""
"WebTables_222","ATHENS","757,000","Greece","",""
"WebTables_223","Thessaloniki","407,000","Greece","",""
"WebTables_224","GUATEMALA CITY","1,090,000","Guatemala","",""
"WebTables_225","CONAKRY","1,931,000","Guinea","",""
"WebTables_226","PORT-AU-PRINCE","1,083,000","Haiti","",""
"WebTables_227","Tegucigalpa","1,200,000","Honduras","",""
"WebTables_228","BUDAPEST","1,712,000","Hungary","",""
"WebTables_229","Mumbai (Bombay)","13,900,000","India","",""
"WebTables_230","DELHI","12,100,000","India","",""
"WebTables_231","Bangalore","5,840,000","India","",""
"WebTables_232","Surat","5,390,000","India","",""
"WebTables_233","Kolkata","5,100,000","India","",""
"WebTables_234","Chennai","4,600,000","India","",""
"WebTables_235","Ahmadabad","4,525,000","India","",""
"WebTables_236","Hyderabad","3,637,000","India","",""
"WebTables_237","Pune","3,337,000","India","",""
"WebTables_238","Kanpur","3,100,000","India","",""
"WebTables_239","Jaipur","3,050,000","India","",""
"WebTables_240","Durg","2,810,000","India","",""
"WebTables_241","Nagpur","2,420,000","India","",""
"WebTables_242","Lucknow","2,342,000","India","",""
"WebTables_243","Indore","1,912,000","India","",""
"WebTables_244","Patna","1,800,000","India","",""
"WebTables_245","Agra","1,650,000","India","",""
"WebTables_246","Nashik","1,620,000","India","",""
"WebTables_247","Pimpri Chinchwad","1,515,000","India","",""
"WebTables_248","Vadodara","1,500,000","India","",""
"WebTables_249","Bhopal","1,458,000","India","",""
"WebTables_250","Ludhiana","1,400,000","India","",""
"WebTables_251","Thane","1,375,000","India","",""
"WebTables_252","Varanasi","1,375,000","India","",""
"WebTables_253","Rajkot","1,336,000","India","",""
"WebTables_254","Ranchi","1,290,000","India","",""
"WebTables_255","Meerut","1,277,000","India","",""
"WebTables_256","Allahabad","1,215,000","India","",""
"WebTables_257","Amritsar","1,195,000","India","",""
"WebTables_258","Aurangabad","1,168,000","India","",""
"WebTables_259","Solapur","1,134,000","India","",""
"WebTables_260","Madurai","1,130,000","India","",""
"WebTables_261","Jabalpur","1,117,000","India","",""
"WebTables_262","Mirat","1,095,000","India","",""
"WebTables_263","Dhanbad","1,065,000","India","",""
"WebTables_264","Faridabad","1,055,000","India","",""
"WebTables_265","Haora","1,008,000","India","",""
"WebTables_266","Haora","1,008,000","India","",""
"WebTables_267","Jodhpur","1,007,000","India","",""
"WebTables_268","Ghaziabad","970,000","India","",""
"WebTables_269","Visakhapatnam","970,000","India","",""
"WebTables_270","Vijayawada","957,000","India","",""
"WebTables_271","Coimbatore","931,000","India","",""
"WebTables_272","Srinagar","915,000","India","",""
"WebTables_273","Chandigarh","901,000","India","",""
"WebTables_274","Sholapur","890,000","India","",""
"WebTables_275","Thiruvananthapuram","810,000","India","",""
"WebTables_276","Guwahati","808,000","India","",""
"WebTables_277","Hubli","801,000","India","",""
"WebTables_278","Mysore","799,000","India","",""
"WebTables_279","Tiruchchirappalli","760,000","India","",""
"WebTables_280","Jalandhar","714,000","India","",""
"WebTables_281","Gwalior","690,000","India","",""
"WebTables_282","Aligarh","680,000","India","",""
"WebTables_283","Amravati","678,000","India","",""
"WebTables_284","Bhubaneswar","659,000","India","",""
"WebTables_285","Jamshedpur","630,000","India","",""
"WebTables_286","Bhilai","564,000","India","",""
"WebTables_287","Kozhikode","437,000","India","",""
"WebTables_288","JAKARTA","10,100,000","Indonesia","",""
"WebTables_289","Surabaya","3,100,000","Indonesia","",""
"WebTables_290","Bandung","2,510,000","Indonesia","",""
"WebTables_291","Medan","1,990,000","Indonesia","",""
"WebTables_292","Palembang","1,600,000","Indonesia","",""
"WebTables_293","Tangerang","1,545,000","Indonesia","",""
"WebTables_294","Semarang","1,393,000","Indonesia","",""
"WebTables_295","Ujung Pandang","1,170,000","Indonesia","",""
"WebTables_296","Makasar","1,113,000","Indonesia","",""
"WebTables_297","Bogor","866,000","Indonesia","",""
"WebTables_298","Padang","820,000","Indonesia","",""
"WebTables_299","Bandar Lampung","743,000","Indonesia","",""
"WebTables_300","Malang","742,000","Indonesia","",""
"WebTables_301","Surakarta","533,000","Indonesia","",""
"WebTables_302","Denpasar","491,000","Indonesia","",""
"WebTables_303","Yogyakarta","417,000","Indonesia","",""
"WebTables_304","Mataram","330,000","Indonesia","",""
"WebTables_305","Cirebon","319,000","Indonesia","",""
"WebTables_306","Tegal","238,000","Indonesia","",""
"WebTables_307","TEHRAN","8,430,000","Iran","",""
"WebTables_308","Mashhad","2,910,000","Iran","",""
"WebTables_309","Esfahan","1,584,000","Iran","",""
"WebTables_310","Tabriz","1,420,000","Iran","",""
"WebTables_311","Karaj","1,380,000","Iran","",""
"WebTables_312","Ahwaz","1,338,000","Iran","",""
"WebTables_313","Shiraz","1,228,000","Iran","",""
"WebTables_314","Qom","1,042,000","Iran","",""
"WebTables_315","Kermanshah","823,000","Iran","",""
"WebTables_316","Baghdad","6,050,000","Iraq","",""
"WebTables_317","Basrah","1,760,000","Iraq","",""
"WebTables_318","Irbil","1,294,000","Iraq","",""
"WebTables_319","Mosul","1,139,000","Iraq","",""
"WebTables_320","Dublin","506,000","Ireland","",""
"WebTables_321","Jerusalem","764,000","Israel","",""
"WebTables_322","TEL AVIV","383,000","Israel","",""
"WebTables_323","Haifa","276,000","Israel","",""
"WebTables_324","ROME","2,732,000","Italy","",""
"WebTables_325","Milan","1,302,000","Italy","",""
"WebTables_326","Naples","963,000","Italy","",""
"WebTables_327","Turin","910,000","Italy","",""
"WebTables_328","Palermo","684,000","Italy","",""
"WebTables_329","Florence","375,000","Italy","",""
"WebTables_330","Catania","337,000","Italy","",""
"WebTables_331","Abidjan","3,800,000","Ivory Coast","",""
"WebTables_332","Bouakt","531,000","Ivory Coast","",""
"WebTables_333","KINGSTON","650,000","Jamaica","",""
"WebTables_334","TOKYO","8,653,000","Japan","",""
"WebTables_335","Yokohama","3,655,000","Japan","",""
"WebTables_336","Osaka","2,647,000","Japan","",""
"WebTables_337","Nagoya","2,260,000","Japan","",""
"WebTables_338","Sapporo","1,906,000","Japan","",""
"WebTables_339","Kobe","1,534,000","Japan","",""
"WebTables_340","Kyoto","1,466,000","Japan","",""
"WebTables_341","Fukuoka","1,450,000","Japan","",""
"WebTables_342","Kawasaki","1,390,000","Japan","",""
"WebTables_343","Saitama","1,183,000","Japan","",""
"WebTables_344","Hiroshima","1,174,000","Japan","",""
"WebTables_345","Sendai","1,032,000","Japan","",""
"WebTables_346","Kitakyushu","985,000","Japan","",""
"WebTables_347","Chiba","962,000","Japan","",""
"WebTables_348","Sakai","836,000","Japan","",""
"WebTables_349","Hamamatsu","815,000","Japan","",""
"WebTables_350","Niigata","812,000","Japan","",""
"WebTables_351","Shizuoka","718,000","Japan","",""
"WebTables_352","Okayama","700,000","Japan","",""
"WebTables_353","Okinawa","129,000","Japan","",""
"WebTables_354","AMMAN","1,919,000","Jordan","",""
"WebTables_355","ALMATY","1,420,000","Kazakhstan","",""
"WebTables_356","ASTANA","803,000","Kazakhstan","",""
"WebTables_357","Mombasa","880,000","Kenia","",""
"WebTables_358","NAIROBI","3,130,000","Kenya","",""
"WebTables_359","KUWAIT CITY","96,000","Kuwait","",""
"WebTables_360","BISHKEK","765,000","Kyrgyzstan","",""
"WebTables_361","Osh","230,000","Kyrgyztan","",""
"WebTables_362","RIGA","725,000","Latvia","",""
"WebTables_363","BEIRUT","1,250,000","Lebanon","",""
"WebTables_364","MONROVIA","543,000","Liberia","",""
"WebTables_365","TRIPOLI","1,683,000","Libya","",""
"WebTables_366","Benghazi","1,471,000","Libya","",""
"WebTables_367","VILNIUS","545,000","Lithuania","",""
"WebTables_368","KABUL","3,586,000","Afghanistan","",""
"WebTables_369","ALGIERS","1,520,000","Algeria","",""
"WebTables_370","Oran","683,000","Algeria","",""
"WebTables_371","LUANDA","4,799,000","Angola","",""
"WebTables_372","BUENOS AIRES","11,655,000","Argentina","",""
"WebTables_373","Cordoba","1,310,000","Argentina","",""
"WebTables_374","La Matanza","1,255,000","Argentina","",""
"WebTables_375","Rosario","1,160,000","Argentina","",""
"WebTables_376","La Plata","710,000","Argentina","",""
"WebTables_377","Tucuman","528,000","Argentina","",""
"WebTables_378","Mendoza","113,000","Argentina","",""
"WebTables_379","YEREVAN","1,108,000","Armenia","",""
"WebTables_380","Sydney","4,400,000","Australia","",""
"WebTables_381","Melbourne","3,635,000","Australia","",""
"WebTables_382","Perth","1,603,000","Australia","",""
"WebTables_383","Brisbane","1,544,000","Australia","",""
"WebTables_384","Adelaide","1,290,000","Australia","",""
"WebTables_385","VIENNA","1,681,000","Austria","",""
"WebTables_386","BAKU","2,040,000","Azerbaijan","",""
"WebTables_387","DHAKA","7,940,000","Bangladesh","",""
"WebTables_388","Chittagong","2,580,000","Bangladesh","",""
"WebTables_389","Khulna","856,000","Bangladesh","",""
"WebTables_390","MINSK","1,831,000","Belarus","",""
"WebTables_391","BRUSSELS","958,000","Belgium","",""
"WebTables_392","Antwerp","444,000","Belgium","",""
"WebTables_393","Gent","233,000","Belgium","",""
"WebTables_394","Bruges","117,000","Belgium","",""
"WebTables_395","Santa Cruz","1,595,000","Bolivia","",""
"WebTables_396","LA PAZ","1,517,000","Bolivia","",""
"WebTables_397","Cochabamba","608,000","Bolivia","",""
"WebTables_398","Sao Paulo","11,038,000","Brazil","",""
"WebTables_399","Rio de Janeiro","6,093,000","Brazil","",""
"WebTables_400","Salvador da Bahia","2,998,000","Brazil","",""
"WebTables_401","Fortaleza","2,506,000","Brazil","",""
"WebTables_402","Belo Horizonte","2,453,000","Brazil","",""
"WebTables_403","BRASILIA","2,089,000","Brazil","",""
"WebTables_404","Curitiba","1,851,000","Brazil","",""
"WebTables_405","Manaus","1,739,000","Brazil","",""
"WebTables_406","Recife","1,561,000","Brazil","",""
"WebTables_407","Belem","1,409,000","Brazil","",""
"WebTables_408","Porto Alegre","1,355,000","Brazil","",""
"WebTables_409","Guarulhos","1,283,000","Brazil","",""
"WebTables_410","Goiania","1,282,000","Brazil","",""
"WebTables_411","Campinas","1,059,000","Brazil","",""
"WebTables_412","Sao Luis","987,000","Brazil","",""
"WebTables_413","Sao Goncalo","973,000","Brazil","",""
"WebTables_414","Maceio","922,000","Brazil","",""
"WebTables_415","Teresina","893,000","Brazil","",""
"WebTables_416","Duque de Caxias","864,000","Brazil","",""
"WebTables_417","Nova Iguacu","846,000","Brazil","",""
"WebTables_418","Natal","790,000","Brazil","",""
"WebTables_419","Sao Bernardo do Campo","783,000","Brazil","",""
"WebTables_420","Joao Pessoa","702,000","Brazil","",""
"WebTables_421","Sao Jose dos Campos","611,000","Brazil","",""
"WebTables_422","Ribeirao Preto","547,000","Brazil","",""
"WebTables_423","Santos","418,000","Brazil","",""
"WebTables_424","Vitoria","313,000","Brazil","",""
"WebTables_425","Colombo","247,000","Brazil","",""
"WebTables_426","SOFIA","1,403,000","Bulgaria","",""
"WebTables_427","OUAGADOUGOU","1,475,000","Burkina Faso","",""
"WebTables_428","PHNOM PENH","1,242,000","Cambodia","",""
"WebTables_429","YAOUNDÉ","1,430,000","Cameroon","",""
"WebTables_430","Douala","1,382,000","Cameroon","",""
"WebTables_431","Toronto","2,571,000","Canada","",""
"WebTables_432","Montreal","1,621,000","Canada","",""
"WebTables_433","Calgary","988,000","Canada","",""
"WebTables_434","OTTAWA","815,000","Canada","",""
"WebTables_435","Edmonton","730,000","Canada","",""
"WebTables_436","Vancouver","580,000","Canada","",""
"WebTables_437","Québec","495,000","Canada","",""
"WebTables_438","BANGUI","652,000","Central African Republic","",""
"WebTables_439","SANTIAGO","5,278,000","Chile","",""
"WebTables_440","Concepción","404,000","Chile","",""
"WebTables_441","Valparaiso","301,000","Chile","",""
"WebTables_442","Shanghai","14,900,000","China","",""
"WebTables_443","BEIJING","12,460,000","China","",""
"WebTables_444","Tianjin","7,500,000","China","",""
"WebTables_445","Hong Kong","7,055,000","China","",""
"WebTables_446","Guangzhou","6,458,000","China","",""
"WebTables_447","Dongguan","6,446,000","China","",""
"WebTables_448","Shenyang","5,090,000","China","",""
"WebTables_449","Chongqing","5,087,000","China","",""
"WebTables_450","Harbin","4,755,000","China","",""
"WebTables_451","Wuhan","4,500,000","China","",""
"WebTables_452","Chengdu","4,334,000","China","",""
"WebTables_453","Shenzhen","4,320,000","China","",""
"WebTables_454","Nanjing","4,150,000","China","",""
"WebTables_455","Changchun","3,581,000","China","",""
"WebTables_456","Guiyang","3,450,000","China","",""
"WebTables_457","Hangzhou","3,408,000","China","",""
"WebTables_458","Kunming","3,100,000","China","",""
"WebTables_459","Zibo","2,850,000","China","",""
"WebTables_460","Huludao","2,787,000","China","",""
"WebTables_461","Qingdao","2,755,000","China","",""
"WebTables_462","Changsha","2,744,000","China","",""
"WebTables_463","Fuzhou (Fujian)","2,710,000","China","",""
"WebTables_464","Xian","2,670,000","China","",""
"WebTables_465","Shijiazhuang","2,630,000","China","",""
"WebTables_466","Zhengzhou","2,600,000","China","",""
"WebTables_467","Taiyuan","2,550,000","China","",""
"WebTables_468","Baoshan","2,500,000","China","",""
"WebTables_469","Zhongshan","2,495,000","China","",""
"WebTables_470","Xiamen","2,490,000","China","",""
"WebTables_471","Chaoyang","2,471,000","China","",""
"WebTables_472","Nanning","2,450,000","China","",""
"WebTables_473","Suzhou","2,383,000","China","",""
"WebTables_474","Linyi","2,300,000","China","",""
"WebTables_475","Dalian","2,270,000","China","",""
"WebTables_476","Ningbo","2,201,000","China","",""
"WebTables_477","Lanzhou","2,088,000","China","",""
"WebTables_478","Changzhou","2,086,000","China","",""
"WebTables_479","Kowloon","2,020,000","China","",""
"WebTables_480","Tangshan","1,980,000","China","",""
"WebTables_481","Jilin","1,953,000","China","",""
"WebTables_482","Nanchong","1,950,000","China","",""
"WebTables_483","Jinan","1,900,000","China","",""
"WebTables_484","Macheng","1,880,000","China","",""
"WebTables_485","Nanchang","1,844,000","China","",""
"WebTables_486","Xuzhou","1,830,000","China","",""
"WebTables_487","Huzhou","1,800,000","China","",""
"WebTables_488","Suzhou Anhui","1,800,000","China","",""
"WebTables_489","Urumqi","1,800,000","China","",""
"WebTables_490","Yantai","1,800,000","China","",""
"WebTables_491","Tianmen","1,790,000","China","",""
"WebTables_492","Shantou","1,770,000","China","",""
"WebTables_493","Hefei","1,750,000","China","",""
"WebTables_494","Tengzhou","1,750,000","China","",""
"WebTables_495","Wuxi","1,750,000","China","",""
"WebTables_496","Fuyang","1,720,000","China","",""
"WebTables_497","Suizhou","1,680,000","China","",""
"WebTables_498","Gaozhou","1,650,000","China","",""
"WebTables_499","Taian","1,650,000","China","",""
"WebTables_500","Tianshui","1,630,000","China","",""
"WebTables_501","Shangqiu","1,610,000","China","",""
"WebTables_502","Neijiang","1,560,000","China","",""
"WebTables_503","Hechuan","1,530,000","China","",""
"WebTables_504","Taizhou","1,528,000","China","",""
"WebTables_505","Guigang","1,500,000","China","",""
"WebTables_506","Luoyang","1,500,000","China","",""
"WebTables_507","Quanzhou","1,490,000","China","",""
"WebTables_508","Nanan","1,480,000","China","",""
"WebTables_509","Xintai","1,480,000","China","",""
"WebTables_510","Xinyang","1,460,000","China","",""
"WebTables_511","Rugao","1,453,000","China","",""
"WebTables_512","Anyang","1,450,000","China","",""
"WebTables_513","Weifang","1,450,000","China","",""
"WebTables_514","Zhanjiang","1,450,000","China","",""
"WebTables_515","Fushun","1,445,000","China","",""
"WebTables_516","Qiqihaer","1,439,000","China","",""
"WebTables_517","Jianyang","1,430,000","China","",""
"WebTables_518","Guiping","1,420,000","China","",""
"WebTables_519","Huazhou","1,420,000","China","",""
"WebTables_520","Changde","1,400,000","China","",""
"WebTables_521","Tongzhou","1,400,000","China","",""
"WebTables_522","Handan","1,390,000","China","",""
"WebTables_523","Suining","1,385,000","China","",""
"WebTables_524","Liuyang","1,380,000","China","",""
"WebTables_525","Luzhou","1,380,000","China","",""
"WebTables_526","Taixing","1,355,000","China","",""
"WebTables_527","Bozhou","1,352,000","China","",""
"WebTables_528","Jinjiang","1,350,000","China","",""
"WebTables_529","Lufeng","1,350,000","China","",""
"WebTables_530","Yongcheng","1,347,000","China","",""
"WebTables_531","Guilin","1,340,000","China","",""
"WebTables_532","Pingdu","1,340,000","China","",""
"WebTables_533","Baotou","1,318,000","China","",""
"WebTables_534","Lianjiang","1,300,000","China","",""
"WebTables_535","Mianyang","1,300,000","China","",""
"WebTables_536","Yiyang","1,300,000","China","",""
"WebTables_537","Anshan","1,290,000","China","",""
"WebTables_538","Rizhao","1,290,000","China","",""
"WebTables_539","Heze","1,280,000","China","",""
"WebTables_540","Datong","1,253,000","China","",""
"WebTables_541","Fengcheng","1,250,000","China","",""
"WebTables_542","Ruian","1,250,000","China","",""
"WebTables_543","Laiwu","1,249,000","China","",""
"WebTables_544","Pingdingshan","1,230,000","China","",""
"WebTables_545","Yuzhou","1,230,000","China","",""
"WebTables_546","Cixi","1,220,000","China","",""
"WebTables_547","Huainan","1,201,000","China","",""
"WebTables_548","Anqiu","1,200,000","China","",""
"WebTables_549","Fuqing","1,200,000","China","",""
"WebTables_550","Qianjiang","1,190,000","China","",""
"WebTables_551","Bazhong","1,186,000","China","",""
"WebTables_552","Leqing","1,183,000","China","",""
"WebTables_553","Dongtai","1,170,000","China","",""
"WebTables_554","Guangyuan","1,160,000","China","",""
"WebTables_555","Qidong","1,160,000","China","",""
"WebTables_556","Bijie","1,130,000","China","",""
"WebTables_557","Haicheng","1,130,000","China","",""
"WebTables_558","Leshan","1,120,000","China","",""
"WebTables_559","Jimo","1,112,000","China","",""
"WebTables_560","Jining","1,110,000","China","",""
"WebTables_561","Wafangdian","1,100,000","China","",""
"WebTables_562","Shouguang","1,090,000","China","",""
"WebTables_563","Taishan","1,070,000","China","",""
"WebTables_564","Ezhou","1,064,000","China","",""
"WebTables_565","Jiangdu","1,053,000","China","",""
"WebTables_566","Beiliu","1,050,000","China","",""
"WebTables_567","Gongzhuling","1,050,000","China","",""
"WebTables_568","Changshu","1,048,000","China","",""
"WebTables_569","Fuzhou (Jiangxi)","1,020,000","China","",""
"WebTables_570","Yichun","1,020,000","China","",""
"WebTables_571","Mudanjiang","1,014,000","China","",""
"WebTables_572","Baoding","997,000","China","",""
"WebTables_573","Hezhou","990,000","China","",""
"WebTables_574","Wujiang","970,000","China","",""
"WebTables_575","Feicheng","960,000","China","",""
"WebTables_576","Haimen","950,000","China","",""
"WebTables_577","Weinan","925,000","China","",""
"WebTables_578","Songzi","905,000","China","",""
"WebTables_579","Laizhou","902,000","China","",""
"WebTables_580","Danyang","890,000","China","",""
"WebTables_581","Hengyang","880,000","China","",""
"WebTables_582","Honghu","880,000","China","",""
"WebTables_583","Daye","874,000","China","",""
"WebTables_584","Benxi","830,000","China","",""
"WebTables_585","Haikou","830,000","China","",""
"WebTables_586","Hohhot","820,000","China","",""
"WebTables_587","Liuzhou","810,000","China","",""
"WebTables_588","Bengbu","809,000","China","",""
"WebTables_589","Daqing","800,000","China","",""
"WebTables_590","Nanyang","800,000","China","",""
"WebTables_591","Jixi","760,000","China","",""
"WebTables_592","Ankang","743,000","China","",""
"WebTables_593","Xining","713,000","China","",""
"WebTables_594","Fuxin","690,000","China","",""
"WebTables_595","Jinzhou","690,000","China","",""
"WebTables_596","Zhangjiakou","680,000","China","",""
"WebTables_597","Kaifeng","584,000","China","",""
"WebTables_598","Hengyang","561,000","China","",""
"WebTables_599","Panzhihua","478,000","China","",""
"WebTables_600","Liuan","320,000","China","",""
"WebTables_601","Dongying","294,000","China","",""
"WebTables_602","BOGOTA","7,320,000","Colombia","",""
"WebTables_603","Cali","2,525,000","Colombia","",""
"WebTables_604","Medellin","2,223,000","Colombia","",""
"WebTables_605","Barranquilla","1,298,000","Colombia","",""
"WebTables_606","Cartagena","893,000","Colombia","",""
"WebTables_607","Bucaramanga","542,000","Colombia","",""
"WebTables_608","BRAZZAVILLE","1,133,000","Congo Br","",""
"WebTables_609","Pointe Noire","527,000","Congo Br","",""
"WebTables_610","KINSHASA","8,200,000","Congo D.R.","",""
"WebTables_611","Lubumbashi","1,140,000","Congo D.R.","",""
"WebTables_612","Mbuji-Mayi","905,000","Congo D.R.","",""
"WebTables_613","Kolwezi","803,000","Congo D.R.","",""
"WebTables_614","Kisangani","510,000","Congo D.R.","",""
"WebTables_615","SAN JOSE","357,000","Costa Rica","",""
"WebTables_616","ZAGREB","804,000","Croatia","",""
"WebTables_617","HAVANA","2,430,000","Cuba","",""
"WebTables_618","PRAGUE","1,242,000","Czech Republic","",""
"WebTables_619","COPENHAGEN","1,096,000","Denmark","",""
"WebTables_620","SANTO DOMINGO","2,989,000","Dominican Republic","",""
"WebTables_621","Santiago de los Caballeros","1,329,000","Dominican Republic","",""
"WebTables_622","Ecatepec","1,688,000","Mexico","",""
"WebTables_623","Edmonton","730,000","Canada","",""
"WebTables_624","Einhoven","212,000","Netherlands","",""
"WebTables_625","Ekaterinburg","1,323,000","Russia","",""
"WebTables_626","Erfurt","203,000","Germany","",""
"WebTables_627","Esfahan","1,584,000","Iran","",""
"WebTables_628","Essen","580,000","Germany","",""
"WebTables_629","Ezhou","1,064,000","China","",""
"WebTables_630","Faisalabad","2,510,000","Pakistan","",""
"WebTables_631","Faridabad","1,055,000","India","",""
"WebTables_632","Feicheng","960,000","China","",""
"WebTables_633","Fengcheng","1,250,000","China","",""
"WebTables_634","Fes","1,009,000","Morocco","",""
"WebTables_635","Fez","921,000","Morocco","",""
"WebTables_636","Florence","375,000","Italy","",""
"WebTables_637","Fortaleza","2,506,000","Brazil","",""
"WebTables_638","Frankfurt","665,000","Germany","",""
"WebTables_639","FREETOWN","1,032,000","Sierra Leone","",""
"WebTables_640","Freiburg","220,000","Germany","",""
"WebTables_641","Fresno","500,000","USA","",""
"WebTables_642","Fukuoka","1,450,000","Japan","",""
"WebTables_643","Fuqing","1,200,000","China","",""
"WebTables_644","Fushun","1,445,000","China","",""
"WebTables_645","Fuxin","690,000","China","",""
"WebTables_646","Fuyang","1,720,000","China","",""
"WebTables_647","Fuzhou (Fujian)","2,710,000","China","",""
"WebTables_648","Fuzhou (Jiangxi)","1,020,000","China","",""
"WebTables_649","Gaozhou","1,650,000","China","",""
"WebTables_650","Gaza","410,000","Palestine","",""
"WebTables_651","Gaziantep","927,000","Turkey","",""
"WebTables_652","Gdansk","457,000","Poland","",""
"WebTables_653","Gelsenkirchen","262,000","Germany","",""
"WebTables_654","Gent","233,000","Belgium","",""
"WebTables_655","Ghaziabad","970,000","India","",""
"WebTables_656","Giza","2,225,000","Egypt","",""
"WebTables_657","Glasgow","581,000","UK","",""
"WebTables_658","Goiania","1,282,000","Brazil","",""
"WebTables_659","Gongzhuling","1,050,000","China","",""
"WebTables_660","Gothenburg","506,000","Sweden","",""
"WebTables_661","Goyang","1,073,000","South Korea","",""
"WebTables_662","Grand Rapids","193,000","USA","",""
"WebTables_663","Greensboro","256,000","USA","",""
"WebTables_664","Guadalajara","1,580,000","Mexico","",""
"WebTables_665","Guangyuan","1,160,000","China","",""
"WebTables_666","Guangzhou","6,458,000","China","",""
"WebTables_667","Guarulhos","1,283,000","Brazil","",""
"WebTables_668","GUATEMALA CITY","1,090,000","Guatemala","",""
"WebTables_669","Guayaquil","2,196,000","Ecuador","",""
"WebTables_670","Guigang","1,500,000","China","",""
"WebTables_671","Guilin","1,340,000","China","",""
"WebTables_672","Guiping","1,420,000","China","",""
"WebTables_673","Guiyang","3,450,000","China","",""
"WebTables_674","Gujranwala","1,416,000","Pakistan","",""
"WebTables_675","Guwahati","808,000","India","",""
"WebTables_676","Gwalior","690,000","India","",""
"WebTables_677","Gwangju","1,415,000","South Korea","",""
"WebTables_678","Haicheng","1,130,000","China","",""
"WebTables_679","Haifa","276,000","Israel","",""
"WebTables_680","Haikou","830,000","China","",""
"WebTables_681","Haimen","950,000","China","",""
"WebTables_682","Haiphong","1,885,000","Vietnam","",""
"WebTables_683","Halle","233,000","Germany","",""
"WebTables_684","Hama","325,000","Syria","",""
"WebTables_685","Hamamatsu","815,000","Japan","",""
"WebTables_686","Hamburg","1,775,000","Germany","",""
"WebTables_687","Hamhung","821,000","North Korea","",""
"WebTables_688","Handan","1,390,000","China","",""
"WebTables_689","Hangzhou","3,408,000","China","",""
"WebTables_690","Hannover","520,000","Germany","",""
"WebTables_691","HANOI","1,372,000","Vietnam","",""
"WebTables_692","Haora","1,008,000","India","",""
"WebTables_693","Haora","1,008,000","India","",""
"WebTables_694","HARARE","1,600,000","Zimbabwe","",""
"WebTables_695","Harbin","4,755,000","China","",""
"WebTables_696","HAVANA","2,430,000","Cuba","",""
"WebTables_697","Hechuan","1,530,000","China","",""
"WebTables_698","Hefei","1,750,000","China","",""
"WebTables_699","HELSINKI","583,000","Finland","",""
"WebTables_700","Hengyang","880,000","China","",""
"WebTables_701","Hengyang","561,000","China","",""
"WebTables_702","Heze","1,280,000","China","",""
"WebTables_703","Hezhou","990,000","China","",""
"WebTables_704","Hims","823,000","Syria","",""
"WebTables_705","Hiroshima","1,174,000","Japan","",""
"WebTables_706","Ho Chi Minh City","7,100,000","Vietnam","",""
"WebTables_707","Hohhot","820,000","China","",""
"WebTables_708","Hong Kong","7,055,000","China","",""
"WebTables_709","Honghu","880,000","China","",""
"WebTables_710","Honolulu","370,000","USA","",""
"WebTables_711","Houston","2,242,000","USA","",""
"WebTables_712","Huainan","1,201,000","China","",""
"WebTables_713","Huazhou","1,420,000","China","",""
"WebTables_714","Hubli","801,000","India","",""
"WebTables_715","Huludao","2,787,000","China","",""
"WebTables_716","Huzhou","1,800,000","China","",""
"WebTables_717","Hyderabad","3,637,000","India","",""
"WebTables_718","Hyderabad","1,447,000","Pakistan","",""
"WebTables_719","Ibadan","2,550,000","Nigeria","",""
"WebTables_720","Incheon","2,630,000","South Korea","",""
"WebTables_721","Indianapolis","798,000","USA","",""
"WebTables_722","Indore","1,912,000","India","",""
"WebTables_723","Irbil","1,294,000","Iraq","",""
"WebTables_724","Istanbul","9,560,000","Turkey","",""
"WebTables_725","Izmir","2,330,000","Turkey","",""
"WebTables_726","Jabalpur","1,117,000","India","",""
"WebTables_727","Jacksonville","808,000","USA","",""
"WebTables_728","Jaipur","3,050,000","India","",""
"WebTables_729","JAKARTA","10,100,000","Indonesia","",""
"WebTables_730","Jalandhar","714,000","India","",""
"WebTables_731","Jamshedpur","630,000","India","",""
"WebTables_732","Jeddah","3,856,000","Saudi Arabia","",""
"WebTables_733","Jerusalem","764,000","Israel","",""
"WebTables_734","Jiangdu","1,053,000","China","",""
"WebTables_735","Jianyang","1,430,000","China","",""
"WebTables_736","Jilin","1,953,000","China","",""
"WebTables_737","Jimo","1,112,000","China","",""
"WebTables_738","Jinan","1,900,000","China","",""
"WebTables_739","Jining","1,110,000","China","",""
"WebTables_740","Jinjiang","1,350,000","China","",""
"WebTables_741","Jinzhou","690,000","China","",""
"WebTables_742","Jixi","760,000","China","",""
"WebTables_743","Joao Pessoa","702,000","Brazil","",""
"WebTables_744","Jodhpur","1,007,000","India","",""
"WebTables_745","Johannesburg","3,888,000","South Africa","",""
"WebTables_746","KABUL","3,586,000","Afghanistan","",""
"WebTables_747","Kaduna","1,460,000","Nigeria","",""
"WebTables_748","Kaifeng","584,000","China","",""
"WebTables_749","KAMPALA","1,420,000","Uganda","",""
"WebTables_750","Kano","3,626,000","Nigeria","",""
"WebTables_751","Kanpur","3,100,000","India","",""
"WebTables_752","Kansas City","480,000","USA","",""
"WebTables_753","Kaohsiung","1,530,000","Taiwan","",""
"WebTables_754","Karachi","15,500,000","Pakistan","",""
"WebTables_755","Karaj","1,380,000","Iran","",""
"WebTables_756","Karlsruhe","291,000","Germany","",""
"WebTables_757","KATHMANDU","949,000","Nepal","",""
"WebTables_758","Katowice","340,000","Poland","",""
"WebTables_759","Kawasaki","1,390,000","Japan","",""
"WebTables_760","Kazan","1,115,000","Russia","",""
"WebTables_761","Kermanshah","823,000","Iran","",""
"WebTables_762","Kharkiv","1,461,000","Ukraine","",""
"WebTables_763","KHARTOUM","2,208,000","Sudan","",""
"WebTables_764","Khulna","856,000","Bangladesh","",""
"WebTables_765","KIEV","2,820,000","Ukraine","",""
"WebTables_766","KINGSTON","650,000","Jamaica","",""
"WebTables_767","KINSHASA","8,200,000","Congo D.R.","",""
"WebTables_768","Kisangani","510,000","Congo D.R.","",""
"WebTables_769","Kitakyushu","985,000","Japan","",""
"WebTables_770","Kitwe","548,000","Zambia","",""
"WebTables_771","Kobe","1,534,000","Japan","",""
"WebTables_772","Kolkata","5,100,000","India","",""
"WebTables_773","Kolwezi","803,000","Congo D.R.","",""
"WebTables_774","Kowloon","2,020,000","China","",""
"WebTables_775","Kozhikode","437,000","India","",""
"WebTables_776","Krakow","755,000","Poland","",""
"WebTables_777","Krasnodar","710,000","Russia","",""
"WebTables_778","Krasnoyarsk","920,000","Russia","",""
"WebTables_779","Krefeld","236,000","Germany","",""
"WebTables_780","KUALA LUMPUR","1,810,000","Malaysia","",""
"WebTables_781","Kumasi","1,500,000","Ghana","",""
"WebTables_782","Kunming","3,100,000","China","",""
"WebTables_783","KUWAIT CITY","96,000","Kuwait","",""
"WebTables_784","Kyoto","1,466,000","Japan","",""
"WebTables_785","La Matanza","1,255,000","Argentina","",""
"WebTables_786","LA PAZ","1,517,000","Bolivia","",""
"WebTables_787","La Plata","710,000","Argentina","",""
"WebTables_788","Lagos","7,938,000","Nigeria","",""
"WebTables_789","Lahore","6,100,000","Pakistan","",""
"WebTables_790","Laiwu","1,249,000","China","",""
"WebTables_791","Laizhou","902,000","China","",""
"WebTables_792","Lanzhou","2,088,000","China","",""
"WebTables_793","Las Vegas","558,000","USA","",""
"WebTables_794","Leeds","778,000","UK","",""
"WebTables_795","Leipzig","515,000","Germany","",""
"WebTables_796","Leon","1,138,000","Mexico","",""
"WebTables_797","Leqing","1,183,000","China","",""
"WebTables_798","Leshan","1,120,000","China","",""
"WebTables_799","Lianjiang","1,300,000","China","",""
"WebTables_800","Lille","226,000","France","",""
"WebTables_801","LILONGWE","866,000","Malawi","",""
"WebTables_802","LIMA","7,606,000","Peru","",""
"WebTables_803","Linyi","2,300,000","China","",""
"WebTables_804","LISBON","558,000","Portugal","",""
"WebTables_805","Liuan","320,000","China","",""
"WebTables_806","Liuyang","1,380,000","China","",""
"WebTables_807","Liuzhou","810,000","China","",""
"WebTables_808","Liverpool","435,000","UK","",""
"WebTables_809","Lodz","783,000","Poland","",""
"WebTables_810","LONDON","7,557,000","UK","",""
"WebTables_811","Los Angeles","3,834,000","USA","",""
"WebTables_812","Louisville","260,000","USA","",""
"WebTables_813","LUANDA","4,799,000","Angola","",""
"WebTables_814","Lübeck","211,000","Germany","",""
"WebTables_815","Lubumbashi","1,140,000","Congo D.R.","",""
"WebTables_816","Lucknow","2,342,000","India","",""
"WebTables_817","Ludhiana","1,400,000","India","",""
"WebTables_818","Lufeng","1,350,000","China","",""
"WebTables_819","Luoyang","1,500,000","China","",""
"WebTables_820","LUSAKA","1,110,000","Zambia","",""
"WebTables_821","Luzhou","1,380,000","China","",""
"WebTables_822","Lviv","740,000","Ukraine","",""
"WebTables_823","Lyon","472,000","France","",""
